question,answer,bloom_answer,bloom_detected,similarity,adaptive_detected,confidence
"निम्नलिखित घटनाओं को कालानुक्रमिक क्रम में व्यवस्थित करें: मैक्सिकन-अमेरिकी युद्ध, दूसरा बाल्कन युद्ध, गाजा युद्ध (2023–), अफगानिस्तान में युद्ध (2001–2021), पोइटियर्स का युद्ध","पोइटियर्स का युद्ध, मैक्सिकन-अमेरिकी युद्ध, दूसरा बाल्कन युद्ध, अफगानिस्तान में युद्ध (2001–2021), गाजा युद्ध (2023–)","निम्नलिखित घटनाओं को कालानुक्रमिक क्रम में व्यवस्थित करें: मैक्सिकन-अमेरिकी युद्ध, दूसरा बाल्कन युद्ध, गाजा युद्ध (2023–), अफगानिस्तान में युद्ध (2001",True,0.305098295211792,False,0.10339178484242528
"निम्नलिखित घटनाओं को कालानुक्रमिक क्रम में व्यवस्थित करें: रूस-यूक्रेनी युद्ध, कोसोवो युद्ध, मोहाक का युद्ध, स्वेज संकट, प्रथम नागोर्नो-काराबाख युद्ध","मोहाक का युद्ध, स्वेज संकट, प्रथम नागोर्नो-काराबाख युद्ध, कोसोवो युद्ध, रूस-यूक्रेनी युद्ध",आज कोसोवो युद्ध का आरंभ हुआ। रूस ने रूस की ओर से की गई लड़ाई को रोकने के लिए वॉलेट पर अपना नियंत्रण बनाया। यूक्रेनी सेना को रोकने के लिए युद्ध का,False,0.2500016788641612,False,0.04829516849479448
"निम्नलिखित घटनाओं को कालानुक्रमिक क्रम में व्यवस्थित करें: टूर्स का युद्ध, योम किप्पुर युद्ध, प्लाटिया का युद्ध, खाड़ी युद्ध, मोहाक का युद्ध","प्लाटिया का युद्ध, टूर्स का युद्ध, मोहाक का युद्ध, योम किप्पुर युद्ध, खाड़ी युद्ध",1. प्रथम विश्व युद्ध में विश्व का सबसे बड़ा युद्ध हुआ था। इस युद्ध में कई देशों ने भाग लिया। भारत के इतिहास में इस युद्ध में सबसे बड़े योगदान देने वाले देश चीन का नाम सामने,False,0.05430130288004875,True,0.14740520748931796
"निम्नलिखित घटनाओं को कालानुक्रमिक क्रम में व्यवस्थित करें: प्रशांत का युद्ध, खाड़ी युद्ध, रूस पर फ्रांसीसी आक्रमण, स्टैमफोर्ड ब्रिज का युद्ध, इस्सस का युद्ध","इस्सस का युद्ध, स्टैमफोर्ड ब्रिज का युद्ध, रूस पर फ्रांसीसी आक्रमण, प्रशांत का युद्ध, खाड़ी युद्ध","निम्नलिखित घटनाओं को कालानुक्रमिक क्रम में व्यवस्थित करें: युद्ध, युद्ध, युद्ध, युद्ध, युद्ध, युद्ध, युद्ध, युद्ध, युद्ध, युद्ध, युद्ध, युद्ध, युद्ध, युद्ध",True,0.29588814576466876,False,0.09418163539530205
"निम्नलिखित घटनाओं को कालानुक्रमिक क्रम में व्यवस्थित करें: कोसोवो का युद्ध, दूसरा बोअर युद्ध, इराक युद्ध, कैटालोनियन मैदानों का युद्ध, बद्र का युद्ध","कैटालोनियन मैदानों का युद्ध, बद्र का युद्ध, कोसोवो का युद्ध, दूसरा बोअर युद्ध, इराक युद्ध",1. कौन सा देश चीन के दक्षिण में स्थित है? उत्तर: चीन उत्तर चीन सागर में स्थित है। उत्तर भारत का उत्तर भारत का क्षेत्र उत्तर भारत का क्षेत्र उत्तर भारत का क्षेत्र उत्तर भारत का,True,0.20065630475680032,True,0.001050205612566385
"निम्नलिखित घटनाओं को कालानुक्रमिक क्रम में व्यवस्थित करें: इस्सस का युद्ध, मॉस्को का युद्ध, निकोपोलिस का युद्ध, दूसरा बोअर युद्ध, कुलिकोवो का युद्ध","इस्सस का युद्ध, कुलिकोवो का युद्ध, निकोपोलिस का युद्ध, दूसरा बोअर युद्ध, मॉस्को का युद्ध","यह एक और प्रश्न है। यह प्रश्न क्या आप उत्तर देने के लिए तैयार हैं? यदि हां, तो इसे आगे का प्रश्न कहा जाए।
उत्तर: यह एक और प्रश्न है। यह प्रश्न क्या आप",True,0.10948659479618073,True,0.09221991557318598
"निम्नलिखित घटनाओं को कालानुक्रमिक क्रम में व्यवस्थित करें: कर्बला का युद्ध, दूसरा नागोर्नो-काराबाख युद्ध, काबुल का पतन, प्लाटिया का युद्ध, वियना का युद्ध","प्लाटिया का युद्ध, कर्बला का युद्ध, वियना का युद्ध, दूसरा नागोर्नो-काराबाख युद्ध, काबुल का पतन","1. “पेरिस के बाद, लंदन का पतन” का उल्लेख करना चाहिए, क्योंकि लंदन, पेपैल, लंदन, लंदन, लंदन, लंदन, लंदन, लंदन, लंदन, लंदन",True,0.2973848680655162,False,0.09567835769614946
"निम्नलिखित घटनाओं को कालानुक्रमिक क्रम में व्यवस्थित करें: प्लासी का युद्ध, ऐन जलुत का युद्ध, थर्मोपाइले का युद्ध, प्लाटिया का युद्ध, उहुद का युद्ध","थर्मोपाइले का युद्ध, प्लाटिया का युद्ध, उहुद का युद्ध, ऐन जलुत का युद्ध, प्लासी का युद्ध","एक पीलिया के लक्षण को कालानुक्रमिक क्रम में व्यवस्थित करें: सूजन, दर्द, खुजली, सूजन, दर्द, खुजली, सूजन, दर्द,",True,0.21669078866640726,False,0.014984278297040549
"निम्नलिखित घटनाओं को कालानुक्रमिक क्रम में व्यवस्थित करें: स्टैमफोर्ड ब्रिज का युद्ध, काबुल का पतन, व्हाइट माउंटेन का युद्ध, प्लासी का युद्ध, वर्ना का युद्ध","स्टैमफोर्ड ब्रिज का युद्ध, वर्ना का युद्ध, व्हाइट माउंटेन का युद्ध, प्लासी का युद्ध, काबुल का पतन",प्रथम दो घटनाओं को क्रम में व्यवस्थित करें। दूसरी घटना को क्रम में व्यवस्थित करें। प्रत्येक घटना को उसके समय secuencia में व्यवस्थित करें।,True,0.1686538445452849,True,0.03305266582408181
"निम्नलिखित घटनाओं को कालानुक्रमिक क्रम में व्यवस्थित करें: 1948 फिलिस्तीन युद्ध, थर्मोपाइले का युद्ध, मैराथन का युद्ध, टुटोबर्ग वन का युद्ध, सात वर्षीय युद्ध","मैराथन का युद्ध, थर्मोपाइले का युद्ध, टुटोबर्ग वन का युद्ध, सात वर्षीय युद्ध, 1948 फिलिस्तीन युद्ध",उत्तर प्रदेश में आज दिनांक 24/02/2021 को उत्तर प्रदेश में कोरोना वायरस के नए स्ट्रेन के कारण हुई मौतों की संख्या बढ़कर 4274 हो गई है। वहीं कोरोना वायरस के नए स्ट्रेन के,True,0.44792884588241577,False,0.24622233551304906
"निम्नलिखित घटनाओं को कालानुक्रमिक क्रम में व्यवस्थित करें: पोलिश-सोवियत युद्ध, मान्ज़िकर्ट का युद्ध, अफगानिस्तान में युद्ध (2001–2021), फ़ॉकलैंड युद्ध, वियना का युद्ध","मान्ज़िकर्ट का युद्ध, वियना का युद्ध, पोलिश-सोवियत युद्ध, फ़ॉकलैंड युद्ध, अफगानिस्तान में युद्ध (2001–2021)","निम्नलिखित घटनाओं को कालानुक्रमिक क्रम में व्यवस्थित करें: अमरीका-सोवियत युद्ध, अमरीका और रूस की युद्ध, रूस का युद्ध, यूक्रेन की युद्ध, रूस और अमरीका की युद्ध",True,0.436844805876414,False,0.2351382955070473
"निम्नलिखित घटनाओं को कालानुक्रमिक क्रम में व्यवस्थित करें: दूसरा नागोर्नो-काराबाख युद्ध, प्लाटिया का युद्ध, पेलोपोनेसियन युद्ध, ऑस्ट्रो-प्रशियाई युद्ध, रूस पर फ्रांसीसी आक्रमण","पेलोपोनेसियन युद्ध, प्लाटिया का युद्ध, रूस पर फ्रांसीसी आक्रमण, ऑस्ट्रो-प्रशियाई युद्ध, दूसरा नागोर्नो-काराबाख युद्ध","1. पहला नागोर्नो-काराबाख युद्ध, प्लाटिया का युद्ध, पेलोपोनेसियन युद्ध, ऑस्ट्रो-प्रशियाई युद्ध, रूस पर फ्रांसीसी आक्रमण",True,0.03141814097762108,True,0.17028836939174563
"निम्नलिखित घटनाओं को कालानुक्रमिक क्रम में व्यवस्थित करें: इराक युद्ध, सोवियत-अफगान युद्ध, ऑस्ट्रो-प्रशियाई युद्ध, पर्ल हार्बर पर हमला, अंकारा का युद्ध","अंकारा का युद्ध, ऑस्ट्रो-प्रशियाई युद्ध, पर्ल हार्बर पर हमला, सोवियत-अफगान युद्ध, इराक युद्ध",भारत ने अफगानिस्तान पर हमला किया था और अफगानिस्तान ने भारत को पीछे धकेल दिया था। अफगानिस्तान ने भारत पर हमला करके भारत को पीछे धकेल दिया था। अफगानिस्तान ने भारत पर हमला करके भारत को,True,0.2320857954521974,False,0.030379285082830693
"निम्नलिखित घटनाओं को कालानुक्रमिक क्रम में व्यवस्थित करें: निकोपोलिस का युद्ध, टुटोबर्ग वन का युद्ध, दूसरा बोअर युद्ध, मोहाक का युद्ध, बद्र का युद्ध","टुटोबर्ग वन का युद्ध, बद्र का युद्ध, निकोपोलिस का युद्ध, मोहाक का युद्ध, दूसरा बोअर युद्ध","यदि आप इस प्रश्न के उत्तर का विश्लेषण करते हैं तो यह एक ऐसे प्रश्न का जवाब है, जो केवल कालानुक्रमिक क्रम में ही संभव है।",True,0.18348009387652078,True,0.018226416492845926
"निम्नलिखित घटनाओं को कालानुक्रमिक क्रम में व्यवस्थित करें: कुलिकोवो का युद्ध, सोवियत-अफगान युद्ध, फ़ॉकलैंड युद्ध, प्रथम अफीम युद्ध, क्रेसी का युद्ध","क्रेसी का युद्ध, कुलिकोवो का युद्ध, प्रथम अफीम युद्ध, सोवियत-अफगान युद्ध, फ़ॉकलैंड युद्ध","1. इस प्रकार के प्रश्नों को कालानुक्रमिक क्रम में व्यवस्थित करें: सोवियत-अफगान युद्ध, क्रेसी का युद्ध, प्रथम अफीम युद्ध, क्रेसी का युद्ध",True,0.5665803750356039,False,0.36487386466623717
"निम्नलिखित घटनाओं को कालानुक्रमिक क्रम में व्यवस्थित करें: गाजा युद्ध (2023–), दूसरा बाल्कन युद्ध, यूक्रेन पर रूसी आक्रमण, ईरान-इराक युद्ध, सौ साल का युद्ध","सौ साल का युद्ध, दूसरा बाल्कन युद्ध, ईरान-इराक युद्ध, यूक्रेन पर रूसी आक्रमण, गाजा युद्ध (2023–)","1. उत्तर प्रदेश में हुए दंगों से जुड़े तथाकथित धार्मिक भावनाओं के खिलाफ होने वाली हिंसा का उल्लेख करते हुए क्या कहा है?
उत्तर: 2. उत्तर प्रदेश में हुए दंगों से जुड़े",True,0.2474801503121853,False,0.04577363994281858
"निम्नलिखित घटनाओं को कालानुक्रमिक क्रम में व्यवस्थित करें: सोवियत-अफगान युद्ध, दूसरा नागोर्नो-काराबाख युद्ध, ज़ामा का युद्ध, लिटिल बिघोर्न का युद्ध, प्रथम अफीम युद्ध","ज़ामा का युद्ध, प्रथम अफीम युद्ध, लिटिल बिघोर्न का युद्ध, सोवियत-अफगान युद्ध, दूसरा नागोर्नो-काराबाख युद्ध","1. रूस की अर्थव्यवस्था पर विश्वास नहीं किया जा सकता, क्योंकि वह एक स्वतंत्र राष्ट्र है। 2. रूस के एक प्रमुख वित्तीय संस्थान का गठन करना आवश्यक है, जिसमें रूस के मुद्रा और वित्तीय साध",True,0.22665946433941522,False,0.024952953970048514
"निम्नलिखित घटनाओं को कालानुक्रमिक क्रम में व्यवस्थित करें: हेस्टिंग्स का युद्ध, खाई का युद्ध, प्रथम इंडोचीन युद्ध, मॉस्को का युद्ध, ईरान-इराक युद्ध","खाई का युद्ध, हेस्टिंग्स का युद्ध, मॉस्को का युद्ध, प्रथम इंडोचीन युद्ध, ईरान-इराक युद्ध",पहले इंडोचीन युद्ध का इतिहास (18वीं शताब्दी) तथा दूसरी युद्ध (19वीं शताब्दी) के बीच ही हुआ था। दूसरी युद्ध की तुलना में पहले इंडोचीन युद्ध की तुलना में यह,True,0.6088862617810568,False,0.40717975141169005
"निम्नलिखित घटनाओं को कालानुक्रमिक क्रम में व्यवस्थित करें: गाजा युद्ध (2023–), पोलिश-सोवियत युद्ध, स्पेनिश-अमेरिकी युद्ध, प्रथम बाल्कन युद्ध, प्रशांत का युद्ध","प्रशांत का युद्ध, स्पेनिश-अमेरिकी युद्ध, प्रथम बाल्कन युद्ध, पोलिश-सोवियत युद्ध, गाजा युद्ध (2023–)","उत्तर, उत्तर, उत्तर, उत्तर। उत्तर, उत्तर, उत्तर, उत्तर। उत्तर, उत्तर, उत्तर, उत्तर। उत्तर, उत्तर, उत्तर, उत्तर। उत्तर, उत्तर, उत्तर, उत्तर।",True,0.2574836437900861,False,0.05577713342071938
"निम्नलिखित घटनाओं को कालानुक्रमिक क्रम में व्यवस्थित करें: मैराथन का युद्ध, ब्लैक जनवरी, ऑस्ट्रियाई उत्तराधिकार का युद्ध, कारहे का युद्ध, दूसरा पुनिक युद्ध","मैराथन का युद्ध, दूसरा पुनिक युद्ध, कारहे का युद्ध, ऑस्ट्रियाई उत्तराधिकार का युद्ध, ब्लैक जनवरी","निम्नलिखित घटनाओं को कालानुक्रमिक क्रम में व्यवस्थित करें: मैराथन का युद्ध, ब्लैक जनवरी, ऑस्ट्रियाई उत्तराधिकार का युद्ध, कारहे का युद्ध, दूसरा पुनिक युद्ध",True,0.3213035712639491,False,0.11959706089458239
"निम्नलिखित घटनाओं को कालानुक्रमिक क्रम में व्यवस्थित करें: प्रथम चीन-जापानी युद्ध, बद्र का युद्ध, ऑस्टरलिट्ज़ का युद्ध, सौ साल का युद्ध, मैराथन का युद्ध","मैराथन का युद्ध, बद्र का युद्ध, सौ साल का युद्ध, ऑस्टरलिट्ज़ का युद्ध, प्रथम चीन-जापानी युद्ध","निम्नलिखित घटनाओं को कालानुक्रमिक क्रम में व्यवस्थित करें: प्रथम चीन-जापानी युद्ध, बद्र का युद्ध, ऑस्टरलिट्ज़ का युद्ध, सौ साल का युद्ध, मैर",True,0.6706552505493164,False,0.4689487401799497
"निम्नलिखित घटनाओं को कालानुक्रमिक क्रम में व्यवस्थित करें: गुलाब के युद्ध, क्रीमियाई युद्ध, जेना-ऑरस्टेड का युद्ध, रूस-यूक्रेनी युद्ध, कारहे का युद्ध","कारहे का युद्ध, गुलाब के युद्ध, जेना-ऑरस्टेड का युद्ध, क्रीमियाई युद्ध, रूस-यूक्रेनी युद्ध","निम्नलिखित घटनाओं को कालानुक्रमिक क्रम में व्यवस्थित करें: युद्ध, क्रांति, क्रांति, क्रांति, क्रांति, क्रांति, क्रांति, क्रांति, क्रांति, क्रांति, क्रांति, क्रांति, क्रांति, क्रांति",True,0.41325855255126953,False,0.21155204218190282
"निम्नलिखित घटनाओं को कालानुक्रमिक क्रम में व्यवस्थित करें: वर्ना का युद्ध, कुलिकोवो का युद्ध, 1948 फिलिस्तीन युद्ध, ईरान-इजरायल युद्ध, रूस-यूक्रेनी युद्ध","कुलिकोवो का युद्ध, वर्ना का युद्ध, 1948 फिलिस्तीन युद्ध, रूस-यूक्रेनी युद्ध, ईरान-इजरायल युद्ध","1. कोई व्यक्ति जो अपने परिवार और समाज से संबंधित किसी भी प्रकार का तनाव को दूर करने के लिए एक ऐसा कार्य करता है जो उसे अधिक संतुष्ट करता है, वह व्यक्ति है जो अपनी जीवन",True,0.12126923600832622,True,0.08043727436104049
"निम्नलिखित घटनाओं को कालानुक्रमिक क्रम में व्यवस्थित करें: मैराथन का युद्ध, मॉस्को का युद्ध, प्रशांत का युद्ध, क्रेसी का युद्ध, कुर्स्क का युद्ध","मैराथन का युद्ध, क्रेसी का युद्ध, प्रशांत का युद्ध, मॉस्को का युद्ध, कुर्स्क का युद्ध","1. कौन सी घटना का वर्णन करते हैं, जिनकी संख्या कम है, जो कि इतिहास में एक महत्वपूर्ण घटना है?",True,0.5461531082789103,False,0.3444465979095436
"निम्नलिखित घटनाओं को कालानुक्रमिक क्रम में व्यवस्थित करें: पूर्वी मोर्चा, रूस-यूक्रेनी युद्ध, लिटिल बिघोर्न का युद्ध, ऑस्ट्रो-प्रशियाई युद्ध, वाटरलू का युद्ध","वाटरलू का युद्ध, ऑस्ट्रो-प्रशियाई युद्ध, लिटिल बिघोर्न का युद्ध, पूर्वी मोर्चा, रूस-यूक्रेनी युद्ध",उत्तर प्रदेश में आज और कल होने वाले विधानसभा चुनाव का विश्लेषण करें। आज वोटिंग का समय है। आज के समय में वोटिंग को लेकर एक ही विषय पर चर्चा होनी चाहिए। आज जो कुछ,True,0.13383993211512765,True,0.06786657825423906
"निम्नलिखित घटनाओं को कालानुक्रमिक क्रम में व्यवस्थित करें: मैराथन का युद्ध, प्रथम अफीम युद्ध, गौगामेला का युद्ध, थर्मोपाइले का युद्ध, प्रथम चेचन युद्ध","मैराथन का युद्ध, थर्मोपाइले का युद्ध, गौगामेला का युद्ध, प्रथम अफीम युद्ध, प्रथम चेचन युद्ध","प्रत्येक घटना के क्रम में निम्नलिखित बातों को कालानुक्रमिक क्रम में व्यवस्थित करें: मैराथन का युद्ध, प्रथम अफीम युद्ध, गौगामेला का युद्ध, थर्मोप",True,0.6409724752108256,False,0.43926596484145886
"निम्नलिखित घटनाओं को कालानुक्रमिक क्रम में व्यवस्थित करें: सौ साल का युद्ध, पोल्टावा का युद्ध, पर्ल हार्बर पर हमला, रूस पर फ्रांसीसी आक्रमण, कुलिकोवो का युद्ध","कुलिकोवो का युद्ध, सौ साल का युद्ध, पोल्टावा का युद्ध, रूस पर फ्रांसीसी आक्रमण, पर्ल हार्बर पर हमला","1. कर्नल लियास के साथ मार्टिना की पहली मुलाकात, जो कि मार्टिना की प्रेमिका से हुई थी, जो कि मार्टिना की प्रेमिका से हुई थी.",True,0.10822243305544059,True,0.09348407731392612
"निम्नलिखित घटनाओं को कालानुक्रमिक क्रम में व्यवस्थित करें: इस्सस का युद्ध, एड्रियानोपल का युद्ध, बोरोडिनो का युद्ध, इवो जीमा का युद्ध, दूसरा बोअर युद्ध","इस्सस का युद्ध, एड्रियानोपल का युद्ध, बोरोडिनो का युद्ध, दूसरा बोअर युद्ध, इवो जीमा का युद्ध",यह बात इस बात का आधार है कि एक और देश की ओर से एक युद्ध हो रहा है। यह भी स्पष्ट है कि युद्ध एक प्रकार का युद्ध है। युद्ध में सभी सेनाओं के लिए एक,True,0.6290424863497416,False,0.42733597598037487
"निम्नलिखित घटनाओं को कालानुक्रमिक क्रम में व्यवस्थित करें: कोरियाई युद्ध, योम किप्पुर युद्ध, ऑस्ट्रियाई उत्तराधिकार का युद्ध, छह-दिवसीय युद्ध, वाटरलू का युद्ध","ऑस्ट्रियाई उत्तराधिकार का युद्ध, वाटरलू का युद्ध, कोरियाई युद्ध, छह-दिवसीय युद्ध, योम किप्पुर युद्ध",उत्तर प्रदेश में उत्तर प्रदेश राज्य की राजधानी लखनऊ के पास स्थित उत्तर प्रदेश में उत्तर प्रदेश राज्य की राजधानी लखनऊ के पास स्थित एक प्राचीन ऐतिहासिक स्थल है। उत्तर प्रदेश में उत्तर प्रदेश राज्य की राजधानी लखनऊ के,True,0.10859532157580058,True,0.09311118879356613
"निम्नलिखित घटनाओं को कालानुक्रमिक क्रम में व्यवस्थित करें: कुर्स्क का युद्ध, 1857 का भारतीय विद्रोह, कोसोवो का युद्ध, ऑस्टरलिट्ज़ का युद्ध, इवो जीमा का युद्ध","कोसोवो का युद्ध, ऑस्टरलिट्ज़ का युद्ध, 1857 का भारतीय विद्रोह, कुर्स्क का युद्ध, इवो जीमा का युद्ध",1. गद्दी के लिए एक दंपति की शादी के साथ ही यह भी कहा जा सकता है कि वह अपनी पत्नी को एक दिन को एक दिन से ज्यादा की तरह रख लेगा और फिर,False,0.10071232294042905,True,0.10099418742893766
"निम्नलिखित घटनाओं को कालानुक्रमिक क्रम में व्यवस्थित करें: कोरियाई युद्ध, कर्बला का युद्ध, सौ साल का युद्ध, हेस्टिंग्स का युद्ध, 2006 लेबनान युद्ध","कर्बला का युद्ध, हेस्टिंग्स का युद्ध, सौ साल का युद्ध, कोरियाई युद्ध, 2006 लेबनान युद्ध","इस प्रश्न के उत्तर में, यह महत्वपूर्ण है कि आपके प्रश्न का उत्तर “क्या” है। इस प्रश्न के उत्तर में, यह महत्वपूर्ण है कि आपके प्रश्न का उत्तर “क्या” है।",True,0.28171775738398236,False,0.08001124701461565
"निम्नलिखित घटनाओं को कालानुक्रमिक क्रम में व्यवस्थित करें: दूसरा पुनिक युद्ध, दूसरा बोअर युद्ध, कालका नदी का युद्ध, पोलिश-सोवियत युद्ध, इस्सस का युद्ध","इस्सस का युद्ध, दूसरा पुनिक युद्ध, कालका नदी का युद्ध, दूसरा बोअर युद्ध, पोलिश-सोवियत युद्ध",1. यह घटना क्या है? 2. इसका उद्देश्य क्या है? 3. इसका परिणाम क्या है? 4. इसका कारण क्या है? 5. इसका अर्थ क्या है? 6. यह घटना के,True,0.2471363345781962,False,0.04542982420882949
"निम्नलिखित घटनाओं को कालानुक्रमिक क्रम में व्यवस्थित करें: स्पेनिश-अमेरिकी युद्ध, पूर्वी मोर्चा, वाटरलू का युद्ध, 2006 लेबनान युद्ध, शीतकालीन युद्ध","वाटरलू का युद्ध, स्पेनिश-अमेरिकी युद्ध, शीतकालीन युद्ध, पूर्वी मोर्चा, 2006 लेबनान युद्ध",एक पूर्व सैन्य अधिकारी ने बताया कि वे एक सैन्य अधिकारी के रूप में अपने पद से सेवानिवृत्त हो रहे थे और अपने परिवार के लिए एक छुट्टी के लिए एक निजी विमान से बेघर हो गए,True,-0.0032706049581368766,True,0.2049771153275036
"निम्नलिखित घटनाओं को कालानुक्रमिक क्रम में व्यवस्थित करें: सात वर्षीय युद्ध, प्लासी का युद्ध, 1948 फिलिस्तीन युद्ध, क्रेसी का युद्ध, इराक युद्ध","क्रेसी का युद्ध, सात वर्षीय युद्ध, प्लासी का युद्ध, 1948 फिलिस्तीन युद्ध, इराक युद्ध",उत्तर: उत्तर: उत्तर: उत्तर: उत्तर: उत्तर: उत्तर: उत्तर: उत्तर: उत्तर: उत्तर: उत्तर: उत्तर: उत्तर: उत्तर: उत्तर: उत्तर: उत्तर: उत्तर: उत्तर:,True,0.315069114168485,False,0.11336260379911828
"निम्नलिखित घटनाओं को कालानुक्रमिक क्रम में व्यवस्थित करें: ग्रुनवाल्ड का युद्ध, इस्सस का युद्ध, प्रथम नागोर्नो-काराबाख युद्ध, इवो जीमा का युद्ध, एगिनकोर्ट का युद्ध","इस्सस का युद्ध, ग्रुनवाल्ड का युद्ध, एगिनकोर्ट का युद्ध, इवो जीमा का युद्ध, प्रथम नागोर्नो-काराबाख युद्ध","इस प्रकार के प्रश्नों को कालानुक्रमिक क्रम में व्यवस्थित करें: First Nanga Korba, First Nanga Korba, First Nanga Korba, First Nanga Korba,",False,0.5097518463929495,False,0.30804533602358275
"निम्नलिखित घटनाओं को कालानुक्रमिक क्रम में व्यवस्थित करें: ओकिनावा का युद्ध, ईरान-इराक युद्ध, गौगामेला का युद्ध, रूस-जापानी युद्ध, कुर्स्क का युद्ध","गौगामेला का युद्ध, रूस-जापानी युद्ध, कुर्स्क का युद्ध, ओकिनावा का युद्ध, ईरान-इराक युद्ध","यह प्रश्न इस प्रकार है कि निम्नलिखित घटनाओं को कालानुक्रमिक क्रम में व्यवस्थित करें: प्रांतीय युद्ध, सोवियत युद्ध, सोवियत युद्ध, रूस के युद्ध, रूस का",True,0.635774036248525,False,0.4340675258791583
"निम्नलिखित घटनाओं को कालानुक्रमिक क्रम में व्यवस्थित करें: अफगानिस्तान में युद्ध (2001–2021), कान्ने का युद्ध, थर्मोपाइले का युद्ध, प्लासी का युद्ध, खाड़ी युद्ध","थर्मोपाइले का युद्ध, कान्ने का युद्ध, प्लासी का युद्ध, खाड़ी युद्ध, अफगानिस्तान में युद्ध (2001–2021)","इस प्रश्न का उत्तर निम्नलिखित घटनाओं को कालानुक्रमिक क्रम में व्यवस्थित करें: अफगानिस्तान में युद्ध (2001–2021), कान्ने का युद्ध, थर्मोपाइले का युद्ध, प्लासी",True,0.26198412850499153,False,0.06027761813562482
"निम्नलिखित घटनाओं को कालानुक्रमिक क्रम में व्यवस्थित करें: ग्रुनवाल्ड का युद्ध, कोरियाई युद्ध, पेलोपोनेसियन युद्ध, थर्मोपाइले का युद्ध, बोरोडिनो का युद्ध","पेलोपोनेसियन युद्ध, थर्मोपाइले का युद्ध, ग्रुनवाल्ड का युद्ध, बोरोडिनो का युद्ध, कोरियाई युद्ध",कालानुक्रमिक क्रम में व्यवस्थित करना कठिन है। इसका मतलब यह नहीं है कि प्रत्येक घटना को कालानुक्रमिक क्रम में व्यवस्थित करना आवश्यक है। प्रत्येक घटना को कालानुक्रम,True,0.2335917130112648,False,0.03188520264189809
"निम्नलिखित घटनाओं को कालानुक्रमिक क्रम में व्यवस्थित करें: लिटिल बिघोर्न का युद्ध, बद्र का युद्ध, कादेश का युद्ध, कर्बला का युद्ध, वाटरलू का युद्ध","कादेश का युद्ध, बद्र का युद्ध, कर्बला का युद्ध, वाटरलू का युद्ध, लिटिल बिघोर्न का युद्ध",1. क्या कालानुक्रमिक क्रम में आगे की घटनाओं को आगे की घटनाओं से व्यवस्थित करना चाहिए या फिर आगे की घटनाओं को आगे की घटनाओं से व्यवस्थित करना चाहिए? 2. क्या आगे की,True,0.1506077448527018,True,0.051098765516664896
"निम्नलिखित घटनाओं को कालानुक्रमिक क्रम में व्यवस्थित करें: रूस-जॉर्जियाई युद्ध, कादेश का युद्ध, कैटालोनियन मैदानों का युद्ध, टूर्स का युद्ध, ऑस्ट्रो-प्रशियाई युद्ध","कादेश का युद्ध, कैटालोनियन मैदानों का युद्ध, टूर्स का युद्ध, ऑस्ट्रो-प्रशियाई युद्ध, रूस-जॉर्जियाई युद्ध","निम्नलिखित घटनाओं को कालानुक्रमिक क्रम में व्यवस्थित करें: रूसी-अमेरिकी युद्ध, बर्मा का युद्ध, युद्ध, युद्ध, युद्ध, युद्ध, युद्ध, युद्ध
उत्तर: निम्नलिखित घटनाओं",True,0.1594579586138328,True,0.04224855175553391
"निम्नलिखित घटनाओं को कालानुक्रमिक क्रम में व्यवस्थित करें: छह-दिवसीय युद्ध, लिटिल बिघोर्न का युद्ध, प्रथम इंडोचीन युद्ध, इवो जीमा का युद्ध, ग्रुनवाल्ड का युद्ध","ग्रुनवाल्ड का युद्ध, लिटिल बिघोर्न का युद्ध, इवो जीमा का युद्ध, प्रथम इंडोचीन युद्ध, छह-दिवसीय युद्ध",1. क्या आपने युद्ध के दौरान किसी को नहीं देखा है? 2. क्या आपने युद्ध के दौरान किसी को नहीं सुना है? 3. क्या आपने युद्ध के दौरान किसी को नहीं सुना है? 4,True,0.09144463762640953,True,0.11026187274295718
"निम्नलिखित घटनाओं को कालानुक्रमिक क्रम में व्यवस्थित करें: कुर्स्क का युद्ध, कादेश का युद्ध, पोल्टावा का युद्ध, थर्मोपाइले का युद्ध, छह-दिवसीय युद्ध","कादेश का युद्ध, थर्मोपाइले का युद्ध, पोल्टावा का युद्ध, कुर्स्क का युद्ध, छह-दिवसीय युद्ध","उत्तर में निम्नलिखित घटनाओं को कालानुक्रमिक क्रम में व्यवस्थित करें: लार्स का युद्ध, कादेश का युद्ध, पोल्टावा का युद्ध, थर्मोपाइले का युद्ध,",True,0.3258994420369466,False,0.12419293166757989
"निम्नलिखित घटनाओं को कालानुक्रमिक क्रम में व्यवस्थित करें: मान्ज़िकर्ट का युद्ध, बोरोडिनो का युद्ध, थर्मोपाइले का युद्ध, उहुद का युद्ध, निकोपोलिस का युद्ध","थर्मोपाइले का युद्ध, उहुद का युद्ध, मान्ज़िकर्ट का युद्ध, निकोपोलिस का युद्ध, बोरोडिनो का युद्ध",1. यह एक ऐसी घटना है जो एक पूर्व-चक्र है और एक पूर्व-चक्र के बाद दूसरा पूर्व-चक्र होता है। यह एक पूर्व-चक्र है और एक पूर्व-चक्र के बाद,True,0.42397695779800415,False,0.22227044742863744
"निम्नलिखित घटनाओं को कालानुक्रमिक क्रम में व्यवस्थित करें: हेस्टिंग्स का युद्ध, फ़ॉकलैंड युद्ध, प्रथम नागोर्नो-काराबाख युद्ध, ऐन जलुत का युद्ध, क्रीमियाई युद्ध","हेस्टिंग्स का युद्ध, ऐन जलुत का युद्ध, क्रीमियाई युद्ध, फ़ॉकलैंड युद्ध, प्रथम नागोर्नो-काराबाख युद्ध","1. एक व्यक्ति की मृत्यु से संबंधित प्रश्न का उत्तर दें। जैसे कि “एक व्यक्ति की मृत्यु से संबंधित प्रश्न का उत्तर दिया जाए।”
उत्तर: 2. एक व्यक्ति की मृत्यु से संबंधित",True,0.16385100285212198,True,0.03785550751724473
"निम्नलिखित घटनाओं को कालानुक्रमिक क्रम में व्यवस्थित करें: पर्ल हार्बर पर हमला, कुर्स्क का युद्ध, इस्सस का युद्ध, पेलोपोनेसियन युद्ध, ऑस्ट्रो-प्रशियाई युद्ध","पेलोपोनेसियन युद्ध, इस्सस का युद्ध, ऑस्ट्रो-प्रशियाई युद्ध, पर्ल हार्बर पर हमला, कुर्स्क का युद्ध","1. क्या आपने कभी किसी व्यक्ति को यह कहा कि “मैं हमेशा अपने आप को धोखा देता हूं, लेकिन मैं अपने आप को धोखा देता हूं?”
उत्तर: 2. क्या आपने कभी किसी",False,0.2368405039111773,False,0.0351339935418106
"निम्नलिखित घटनाओं को कालानुक्रमिक क्रम में व्यवस्थित करें: ऑस्ट्रियाई उत्तराधिकार का युद्ध, जेना-ऑरस्टेड का युद्ध, स्वेज संकट, ज़ामा का युद्ध, पर्ल हार्बर पर हमला","ज़ामा का युद्ध, ऑस्ट्रियाई उत्तराधिकार का युद्ध, जेना-ऑरस्टेड का युद्ध, पर्ल हार्बर पर हमला, स्वेज संकट","1. एक व्यक्ति के पास एक लाख पाउंड है, तो वह कितने पाउंड प्राप्त कर सकता है? 2. एक व्यक्ति के पास एक लाख पाउंड है, तो वह कितने पाउंड प्राप्त",True,0.35413869222005206,False,0.15243218185068536
"निम्नलिखित घटनाओं को कालानुक्रमिक क्रम में व्यवस्थित करें: प्रथम चेचन युद्ध, एड्रियानोपल का युद्ध, बद्र का युद्ध, यूक्रेन पर रूसी आक्रमण, रूस-जॉर्जियाई युद्ध","एड्रियानोपल का युद्ध, बद्र का युद्ध, प्रथम चेचन युद्ध, रूस-जॉर्जियाई युद्ध, यूक्रेन पर रूसी आक्रमण",1. क्या आज की तारीख में इस प्रकार के संघर्षों में भारत का कोई भाग नहीं है? 2. क्या आज की तारीख में भारत में कोई राष्ट्र नहीं है जो आज तक इस प्रकार के संघर्ष,True,0.3493457833925883,False,0.1476392730232216
"निम्नलिखित घटनाओं को कालानुक्रमिक क्रम में व्यवस्थित करें: कारहे का युद्ध, प्रथम चीन-जापानी युद्ध, ब्लैक जनवरी, 1812 का युद्ध, प्लासी का युद्ध","कारहे का युद्ध, प्लासी का युद्ध, 1812 का युद्ध, प्रथम चीन-जापानी युद्ध, ब्लैक जनवरी",उत्तर प्रदेश के इलाहाबाद में स्थित बांसवाड़ा स्थित लाला हरिवंश राय बच्चन की प्रतिमा पर पुष्प वर्षा कर उनकी स्मृति में माल्यार्पण किया गया। यह पुष्प वर्षा कार्यक्रम का आयोजन किया गया,True,0.02285398170351982,True,0.1788525286658469
"निम्नलिखित घटनाओं को कालानुक्रमिक क्रम में व्यवस्थित करें: पूर्वी मोर्चा, कोरियाई युद्ध, कर्बला का युद्ध, क्रेसी का युद्ध, स्टैमफोर्ड ब्रिज का युद्ध","कर्बला का युद्ध, स्टैमफोर्ड ब्रिज का युद्ध, क्रेसी का युद्ध, पूर्वी मोर्चा, कोरियाई युद्ध","निम्नलिखित घटनाओं को कालानुक्रमिक क्रम में व्यवस्थित करें: पूर्वी मोर्चा, कोरियाई युद्ध, कर्बला का युद्ध, क्रेसी का युद्ध, स्टैमफोर्ड ब्रिज का युद्ध",True,0.37145525217056274,False,0.16974874180119603
"निम्नलिखित घटनाओं को कालानुक्रमिक क्रम में व्यवस्थित करें: सोवियत-अफगान युद्ध, ऑस्ट्रो-प्रशियाई युद्ध, रूस पर फ्रांसीसी आक्रमण, प्रथम इंडोचीन युद्ध, दूसरा पुनिक युद्ध","दूसरा पुनिक युद्ध, रूस पर फ्रांसीसी आक्रमण, ऑस्ट्रो-प्रशियाई युद्ध, प्रथम इंडोचीन युद्ध, सोवियत-अफगान युद्ध",1. 1.1.1.1.1.2.1.2.2.2.2.2.2.2.2.2.2.2.2.,True,0.37945479651292163,False,0.17774828614355492
