question,true_answer,bloom_answer,rag_answer_bloom,hallucination_before_bloom,hallucination_after_bloom
"निम्नलिखित घटनाओं को कालानुक्रमिक क्रम में व्यवस्थित करें: मैक्सिकन-अमेरिकी युद्ध, दूसरा बाल्कन युद्ध, गाजा युद्ध (2023–), अफगानिस्तान में युद्ध (2001–2021), पोइटियर्स का युद्ध","पोइटियर्स का युद्ध, मैक्सिकन-अमेरिकी युद्ध, दूसरा बाल्कन युद्ध, अफगानिस्तान में युद्ध (2001–2021), गाजा युद्ध (2023–)","निम्नलिखित घटनाओं को कालानुक्रमिक क्रम में व्यवस्थित करें: मैक्सिकन-अमेरिकी युद्ध, दूसरा बाल्कन युद्ध, गाजा युद्ध (2023–), अफगानिस्तान में युद्ध (2001","
    संदर्भ (Context):
    
    
    प्रश्न:
    निम्नलिखित घटनाओं को कालानुक्रमिक क्रम में व्यवस्थित करें: मैक्सिकन-अमेरिकी युद्ध, दूसरा बाल्कन युद्ध, गाजा युद्ध (2023–), अफगानिस्तान में युद्ध (2001–2021), पोइटियर्स का युद्ध
    
    उपरोक्त संदर्भ के आधार पर सही उत्तर दें।
    
    
    A: The following events in the history of time were structured in chronological order: The first battle of the Italian-American War, the second battle of the German-American War, the second battle of the North American war, the third battle of the Spanish-American War, the fourth battle of the French-American War, the first battle of the German-American War, the first French-American War, the first Russian-American War, the first RussianAmerican War, the first American-American War, the first Austrian-American War",True,0
"निम्नलिखित घटनाओं को कालानुक्रमिक क्रम में व्यवस्थित करें: रूस-यूक्रेनी युद्ध, कोसोवो युद्ध, मोहाक का युद्ध, स्वेज संकट, प्रथम नागोर्नो-काराबाख युद्ध","मोहाक का युद्ध, स्वेज संकट, प्रथम नागोर्नो-काराबाख युद्ध, कोसोवो युद्ध, रूस-यूक्रेनी युद्ध",आज कोसोवो युद्ध का आरंभ हुआ। रूस ने रूस की ओर से की गई लड़ाई को रोकने के लिए वॉलेट पर अपना नियंत्रण बनाया। यूक्रेनी सेना को रोकने के लिए युद्ध का,आज कोसोवो युद्ध का आरंभ हुआ। रूस ने रूस की ओर से की गई लड़ाई को रोकने के लिए वॉलेट पर अपना नियंत्रण बनाया। यूक्रेनी सेना को रोकने के लिए युद्ध का,False,1
"निम्नलिखित घटनाओं को कालानुक्रमिक क्रम में व्यवस्थित करें: टूर्स का युद्ध, योम किप्पुर युद्ध, प्लाटिया का युद्ध, खाड़ी युद्ध, मोहाक का युद्ध","प्लाटिया का युद्ध, टूर्स का युद्ध, मोहाक का युद्ध, योम किप्पुर युद्ध, खाड़ी युद्ध",1. प्रथम विश्व युद्ध में विश्व का सबसे बड़ा युद्ध हुआ था। इस युद्ध में कई देशों ने भाग लिया। भारत के इतिहास में इस युद्ध में सबसे बड़े योगदान देने वाले देश चीन का नाम सामने,1. प्रथम विश्व युद्ध में विश्व का सबसे बड़ा युद्ध हुआ था। इस युद्ध में कई देशों ने भाग लिया। भारत के इतिहास में इस युद्ध में सबसे बड़े योगदान देने वाले देश चीन का नाम सामने,False,1
"निम्नलिखित घटनाओं को कालानुक्रमिक क्रम में व्यवस्थित करें: प्रशांत का युद्ध, खाड़ी युद्ध, रूस पर फ्रांसीसी आक्रमण, स्टैमफोर्ड ब्रिज का युद्ध, इस्सस का युद्ध","इस्सस का युद्ध, स्टैमफोर्ड ब्रिज का युद्ध, रूस पर फ्रांसीसी आक्रमण, प्रशांत का युद्ध, खाड़ी युद्ध","निम्नलिखित घटनाओं को कालानुक्रमिक क्रम में व्यवस्थित करें: युद्ध, युद्ध, युद्ध, युद्ध, युद्ध, युद्ध, युद्ध, युद्ध, युद्ध, युद्ध, युद्ध, युद्ध, युद्ध, युद्ध","
    संदर्भ (Context):
    
    
    प्रश्न:
    निम्नलिखित घटनाओं को कालानुक्रमिक क्रम में व्यवस्थित करें: प्रशांत का युद्ध, खाड़ी युद्ध, रूस पर फ्रांसीसी आक्रमण, स्टैमफोर्ड ब्रिज का युद्ध, इस्सस का युद्ध
    
    उपरोक्त संदर्भ के आधार पर सही उत्तर दें।
    
    
    उत्तर:
    
    
    प्रश्न:
    
    
    उपरोक्त संदर्भ के आधार पर सही उत्तर दें।
    
    
    उत्तर:
    
    
    प्रश्न:
    
    
    उपरोक्त संदर्भ के आधार पर सही उत्तर दें।
    
    
    उत्तर:
    
    
    प्रश्न:
    
    
    उपरोक्त संदर्भ के आधार पर सही उत्तर दें।
    
    
    उत्तर:
    
    
    प्रश्न:
    
    
    उपरोक्त संदर्भ के आधार पर सही उत्तर दें।
    
    
    उत्तर:
    
    
    प्रश्न:
    
    
    उपरोक्त संदर्भ के आधार पर",True,0
"निम्नलिखित घटनाओं को कालानुक्रमिक क्रम में व्यवस्थित करें: कोसोवो का युद्ध, दूसरा बोअर युद्ध, इराक युद्ध, कैटालोनियन मैदानों का युद्ध, बद्र का युद्ध","कैटालोनियन मैदानों का युद्ध, बद्र का युद्ध, कोसोवो का युद्ध, दूसरा बोअर युद्ध, इराक युद्ध",1. कौन सा देश चीन के दक्षिण में स्थित है? उत्तर: चीन उत्तर चीन सागर में स्थित है। उत्तर भारत का उत्तर भारत का क्षेत्र उत्तर भारत का क्षेत्र उत्तर भारत का क्षेत्र उत्तर भारत का,"
    संदर्भ (Context):
    
    
    प्रश्न:
    निम्नलिखित घटनाओं को कालानुक्रमिक क्रम में व्यवस्थित करें: कोसोवो का युद्ध, दूसरा बोअर युद्ध, इराक युद्ध, कैटालोनियन मैदानों का युद्ध, बद्र का युद्ध
    
    उपरोक्त संदर्भ के आधार पर सही उत्तर दें।
    
    
    प्रश्न:
    
    
    
    
    
    
    
    
    
    
    
    
    
    
    
    
    
    
    
    
    
    
    
    
    
    
    
    
    
    
    
    
    
    
    
    
    
    
    
    
    
    
    
    
    
    
    
    
    
    
    
    
    
    
    
    
    
    
    
    
    
    
    
    
    
    
    
    
    
    
    
    
    
    
    
    
    
    
    
    
    
    
    
    
    
    
    
    
    
    
    
    
    
    
    
    
    ",True,0
"निम्नलिखित घटनाओं को कालानुक्रमिक क्रम में व्यवस्थित करें: इस्सस का युद्ध, मॉस्को का युद्ध, निकोपोलिस का युद्ध, दूसरा बोअर युद्ध, कुलिकोवो का युद्ध","इस्सस का युद्ध, कुलिकोवो का युद्ध, निकोपोलिस का युद्ध, दूसरा बोअर युद्ध, मॉस्को का युद्ध","यह एक और प्रश्न है। यह प्रश्न क्या आप उत्तर देने के लिए तैयार हैं? यदि हां, तो इसे आगे का प्रश्न कहा जाए।
उत्तर: यह एक और प्रश्न है। यह प्रश्न क्या आप","
    संदर्भ (Context):
    
    
    प्रश्न:
    निम्नलिखित घटनाओं को कालानुक्रमिक क्रम में व्यवस्थित करें: इस्सस का युद्ध, मॉस्को का युद्ध, निकोपोलिस का युद्ध, दूसरा बोअर युद्ध, कुलिकोवो का युद्ध
    
    उपरोक्त संदर्भ के आधार पर सही उत्तर दें।
    
    
    उत्तर:
    
    
    1. क्या उस युद्ध में रूस के पास युद्ध का कोई फायदा हो सकता है? 2. क्या रूस के पास युद्ध का कोई नुकसान हो सकता है? 3. क्या मॉस्को का युद्ध या निकोपोलिस का युद्ध रूस में जीत सकता है? 4. क्या मॉस्को का युद्ध या निकोपोलिस का युद्ध रूस में हार सकता है? 5. क्या मॉस्को का युद्ध या निकोपोलिस का युद्ध रूस में न युद्ध हो सकता है? 6.",True,0
"निम्नलिखित घटनाओं को कालानुक्रमिक क्रम में व्यवस्थित करें: कर्बला का युद्ध, दूसरा नागोर्नो-काराबाख युद्ध, काबुल का पतन, प्लाटिया का युद्ध, वियना का युद्ध","प्लाटिया का युद्ध, कर्बला का युद्ध, वियना का युद्ध, दूसरा नागोर्नो-काराबाख युद्ध, काबुल का पतन","1. “पेरिस के बाद, लंदन का पतन” का उल्लेख करना चाहिए, क्योंकि लंदन, पेपैल, लंदन, लंदन, लंदन, लंदन, लंदन, लंदन, लंदन, लंदन","
    संदर्भ (Context):
    
    
    प्रश्न:
    निम्नलिखित घटनाओं को कालानुक्रमिक क्रम में व्यवस्थित करें: कर्बला का युद्ध, दूसरा नागोर्नो-काराबाख युद्ध, काबुल का पतन, प्लाटिया का युद्ध, वियना का युद्ध
    
    उपरोक्त संदर्भ के आधार पर सही उत्तर दें।
    
    
    उत्तर:
    
    
    A: B C D E F G H I J K L M N O P Q R S T U V W X Y Z Z X X X Z Z X X X X X X X X X X X X X X X X X X X X X X X X X X X X X X X X X X X X X X X X X X X X X X X X X X X X X X X X X X X X X X X",True,1
"निम्नलिखित घटनाओं को कालानुक्रमिक क्रम में व्यवस्थित करें: प्लासी का युद्ध, ऐन जलुत का युद्ध, थर्मोपाइले का युद्ध, प्लाटिया का युद्ध, उहुद का युद्ध","थर्मोपाइले का युद्ध, प्लाटिया का युद्ध, उहुद का युद्ध, ऐन जलुत का युद्ध, प्लासी का युद्ध","एक पीलिया के लक्षण को कालानुक्रमिक क्रम में व्यवस्थित करें: सूजन, दर्द, खुजली, सूजन, दर्द, खुजली, सूजन, दर्द,","
    संदर्भ (Context):
    
    
    प्रश्न:
    निम्नलिखित घटनाओं को कालानुक्रमिक क्रम में व्यवस्थित करें: प्लासी का युद्ध, ऐन जलुत का युद्ध, थर्मोपाइले का युद्ध, प्लाटिया का युद्ध, उहुद का युद्ध
    
    उपरोक्त संदर्भ के आधार पर सही उत्तर दें।
    
    
    Example 3.1.1.3.1.1.1.1.1.1.1.1.1.1.1.1.1.1.1.1.1.1.1.1.1.1.1.1.1.1.1.1.1.1.1.1.1.1.1.1.1.1.1.1.1.1.1.1.1.",True,0
"निम्नलिखित घटनाओं को कालानुक्रमिक क्रम में व्यवस्थित करें: स्टैमफोर्ड ब्रिज का युद्ध, काबुल का पतन, व्हाइट माउंटेन का युद्ध, प्लासी का युद्ध, वर्ना का युद्ध","स्टैमफोर्ड ब्रिज का युद्ध, वर्ना का युद्ध, व्हाइट माउंटेन का युद्ध, प्लासी का युद्ध, काबुल का पतन",प्रथम दो घटनाओं को क्रम में व्यवस्थित करें। दूसरी घटना को क्रम में व्यवस्थित करें। प्रत्येक घटना को उसके समय secuencia में व्यवस्थित करें।,"
    संदर्भ (Context):
    
    
    प्रश्न:
    निम्नलिखित घटनाओं को कालानुक्रमिक क्रम में व्यवस्थित करें: स्टैमफोर्ड ब्रिज का युद्ध, काबुल का पतन, व्हाइट माउंटेन का युद्ध, प्लासी का युद्ध, वर्ना का युद्ध
    
    उपरोक्त संदर्भ के आधार पर सही उत्तर दें।
    
    
    यदि आप निम्नलिखित घटनाओं को कालानुक्रमिक क्रम में व्यवस्थित करते हैं- काबुल का पतन, व्हाइट माउंटेन का युद्ध, प्लासी का युद्ध, वर्ना का युद्ध तथा स्टैमफोर्ड ब्रिज का युद्ध, तो क्या आप निम्नलिखित घटनाओं को कालानुक्रमिक क्रम में व्यवस्थित करते हैं?",True,0
"निम्नलिखित घटनाओं को कालानुक्रमिक क्रम में व्यवस्थित करें: 1948 फिलिस्तीन युद्ध, थर्मोपाइले का युद्ध, मैराथन का युद्ध, टुटोबर्ग वन का युद्ध, सात वर्षीय युद्ध","मैराथन का युद्ध, थर्मोपाइले का युद्ध, टुटोबर्ग वन का युद्ध, सात वर्षीय युद्ध, 1948 फिलिस्तीन युद्ध",उत्तर प्रदेश में आज दिनांक 24/02/2021 को उत्तर प्रदेश में कोरोना वायरस के नए स्ट्रेन के कारण हुई मौतों की संख्या बढ़कर 4274 हो गई है। वहीं कोरोना वायरस के नए स्ट्रेन के,"
    संदर्भ (Context):
    
    
    प्रश्न:
    निम्नलिखित घटनाओं को कालानुक्रमिक क्रम में व्यवस्थित करें: 1948 फिलिस्तीन युद्ध, थर्मोपाइले का युद्ध, मैराथन का युद्ध, टुटोबर्ग वन का युद्ध, सात वर्षीय युद्ध
    
    उपरोक्त संदर्भ के आधार पर सही उत्तर दें।
    
    
    A: 1. 1948 फिलिस्तीन युद्ध (1): 1948 फिलिस्तीन युद्ध (1) से पहले सभी मामलों को संयुक्त रूप से संगठित करने का काम किया गया था। यह सबसे पहले 1948 में शुरू हुआ। इसका परिणाम यह हुआ कि 1948 में फिलिस्तीन में एक संघर्ष विराम लगाने का निर्णय लिया गया और उसके बाद भी संघर्ष विराम का कोई अस्तित्व नहीं है। यह समय 1948 को फिलिस्तीन युद्ध में शामिल किया गया था। इसका कारण यह था कि फिलिस्तीन",True,0
"निम्नलिखित घटनाओं को कालानुक्रमिक क्रम में व्यवस्थित करें: पोलिश-सोवियत युद्ध, मान्ज़िकर्ट का युद्ध, अफगानिस्तान में युद्ध (2001–2021), फ़ॉकलैंड युद्ध, वियना का युद्ध","मान्ज़िकर्ट का युद्ध, वियना का युद्ध, पोलिश-सोवियत युद्ध, फ़ॉकलैंड युद्ध, अफगानिस्तान में युद्ध (2001–2021)","निम्नलिखित घटनाओं को कालानुक्रमिक क्रम में व्यवस्थित करें: अमरीका-सोवियत युद्ध, अमरीका और रूस की युद्ध, रूस का युद्ध, यूक्रेन की युद्ध, रूस और अमरीका की युद्ध","
    संदर्भ (Context):
    
    
    प्रश्न:
    निम्नलिखित घटनाओं को कालानुक्रमिक क्रम में व्यवस्थित करें: पोलिश-सोवियत युद्ध, मान्ज़िकर्ट का युद्ध, अफगानिस्तान में युद्ध (2001–2021), फ़ॉकलैंड युद्ध, वियना का युद्ध
    
    उपरोक्त संदर्भ के आधार पर सही उत्तर दें।
    
    
    A: Yes. A: No. A: No. A: No. A: No. A: No. A: No. A: No. A: No. A: No. A: No. A: No. A: No. A: No. A: No. A: No. A: No. A: No. A: No. A: No. A: No. A: No. A: No. A: No. A: No. A: No. A: No. A: No. A: No. A: No. A: No. A: No. A: No.",True,0
"निम्नलिखित घटनाओं को कालानुक्रमिक क्रम में व्यवस्थित करें: दूसरा नागोर्नो-काराबाख युद्ध, प्लाटिया का युद्ध, पेलोपोनेसियन युद्ध, ऑस्ट्रो-प्रशियाई युद्ध, रूस पर फ्रांसीसी आक्रमण","पेलोपोनेसियन युद्ध, प्लाटिया का युद्ध, रूस पर फ्रांसीसी आक्रमण, ऑस्ट्रो-प्रशियाई युद्ध, दूसरा नागोर्नो-काराबाख युद्ध","1. पहला नागोर्नो-काराबाख युद्ध, प्लाटिया का युद्ध, पेलोपोनेसियन युद्ध, ऑस्ट्रो-प्रशियाई युद्ध, रूस पर फ्रांसीसी आक्रमण","
    संदर्भ (Context):
    
    
    प्रश्न:
    निम्नलिखित घटनाओं को कालानुक्रमिक क्रम में व्यवस्थित करें: दूसरा नागोर्नो-काराबाख युद्ध, प्लाटिया का युद्ध, पेलोपोनेसियन युद्ध, ऑस्ट्रो-प्रशियाई युद्ध, रूस पर फ्रांसीसी आक्रमण
    
    उपरोक्त संदर्भ के आधार पर सही उत्तर दें।
    
    
    उत्तर:
    
    
    पहला नागोर्नो-काराबाख युद्ध: 1. जो 2, 3 और 4 को मारकर एक साथ मार दिया है। 2. जो 5, 6 और 7 को मारकर एक साथ मार दिया है। 3. जो 8, 9 और 10 को मारकर एक साथ मार दिया है। 4. जो 11, 12 और 13 को मारकर एक साथ मार दिया है। 5. जो 14, 15 और 16 को मारकर एक साथ मार दिया है।",True,0
"निम्नलिखित घटनाओं को कालानुक्रमिक क्रम में व्यवस्थित करें: इराक युद्ध, सोवियत-अफगान युद्ध, ऑस्ट्रो-प्रशियाई युद्ध, पर्ल हार्बर पर हमला, अंकारा का युद्ध","अंकारा का युद्ध, ऑस्ट्रो-प्रशियाई युद्ध, पर्ल हार्बर पर हमला, सोवियत-अफगान युद्ध, इराक युद्ध",भारत ने अफगानिस्तान पर हमला किया था और अफगानिस्तान ने भारत को पीछे धकेल दिया था। अफगानिस्तान ने भारत पर हमला करके भारत को पीछे धकेल दिया था। अफगानिस्तान ने भारत पर हमला करके भारत को,"
    संदर्भ (Context):
    
    
    प्रश्न:
    निम्नलिखित घटनाओं को कालानुक्रमिक क्रम में व्यवस्थित करें: इराक युद्ध, सोवियत-अफगान युद्ध, ऑस्ट्रो-प्रशियाई युद्ध, पर्ल हार्बर पर हमला, अंकारा का युद्ध
    
    उपरोक्त संदर्भ के आधार पर सही उत्तर दें।
    
    
    context :
    
    
    Question :
    
    
    An example of a context is :
    
    
    Iraq War: The Iraqi army has been engaged in the war since the Persian Gulf War 2004, when the country suffered a major reversal due to the war. Iraq can be said to have been in crisis for the past 15 years. The invasion of Kuwait in 2007 was the first major crisis in Iraqi history. Iraq’s forces are now in a state of severe economic crisis, and the country has been forced to",True,1
"निम्नलिखित घटनाओं को कालानुक्रमिक क्रम में व्यवस्थित करें: निकोपोलिस का युद्ध, टुटोबर्ग वन का युद्ध, दूसरा बोअर युद्ध, मोहाक का युद्ध, बद्र का युद्ध","टुटोबर्ग वन का युद्ध, बद्र का युद्ध, निकोपोलिस का युद्ध, मोहाक का युद्ध, दूसरा बोअर युद्ध","यदि आप इस प्रश्न के उत्तर का विश्लेषण करते हैं तो यह एक ऐसे प्रश्न का जवाब है, जो केवल कालानुक्रमिक क्रम में ही संभव है।","
    संदर्भ (Context):
    
    
    प्रश्न:
    निम्नलिखित घटनाओं को कालानुक्रमिक क्रम में व्यवस्थित करें: निकोपोलिस का युद्ध, टुटोबर्ग वन का युद्ध, दूसरा बोअर युद्ध, मोहाक का युद्ध, बद्र का युद्ध
    
    उपरोक्त संदर्भ के आधार पर सही उत्तर दें।
    
    
    उत्तर:
    1. निकोपोलिस का युद्ध 2. टुटोबर्ग वन का युद्ध 3. दूसरा बोअर युद्ध 4. मोहाक का युद्ध 5. बद्र का युद्ध
7. 1. निकोपोलिस का युद्ध 2. टुटोबर्ग वन का युद्ध 3. दूसरा बोअर युद्ध 4. मोहाक का युद्ध 5. बद्र का युद्ध
9. 1. निकोपोलिस का युद्ध 2. टुटोबर्ग वन का युद्ध 3. दूसरा",True,0
"निम्नलिखित घटनाओं को कालानुक्रमिक क्रम में व्यवस्थित करें: कुलिकोवो का युद्ध, सोवियत-अफगान युद्ध, फ़ॉकलैंड युद्ध, प्रथम अफीम युद्ध, क्रेसी का युद्ध","क्रेसी का युद्ध, कुलिकोवो का युद्ध, प्रथम अफीम युद्ध, सोवियत-अफगान युद्ध, फ़ॉकलैंड युद्ध","1. इस प्रकार के प्रश्नों को कालानुक्रमिक क्रम में व्यवस्थित करें: सोवियत-अफगान युद्ध, क्रेसी का युद्ध, प्रथम अफीम युद्ध, क्रेसी का युद्ध","
    संदर्भ (Context):
    
    
    प्रश्न:
    निम्नलिखित घटनाओं को कालानुक्रमिक क्रम में व्यवस्थित करें: कुलिकोवो का युद्ध, सोवियत-अफगान युद्ध, फ़ॉकलैंड युद्ध, प्रथम अफीम युद्ध, क्रेसी का युद्ध
    
    उपरोक्त संदर्भ के आधार पर सही उत्तर दें।
    
  @param context
    
    
    
  @return 1 (0 == false)
    
    
  @throws Exception if a valid context is not provided.

  @exception OutOfMemoryException if the number of records in the context is less than what is allowed by the context class.
  
  @exception IllegalStateException if the context class does not support the method getContext().
  
  @exception IOException if an error occurs while reading the context from the file.
  
  @param context
    
    
  @return 0 (true == true)
    
    
 ",True,1
"निम्नलिखित घटनाओं को कालानुक्रमिक क्रम में व्यवस्थित करें: गाजा युद्ध (2023–), दूसरा बाल्कन युद्ध, यूक्रेन पर रूसी आक्रमण, ईरान-इराक युद्ध, सौ साल का युद्ध","सौ साल का युद्ध, दूसरा बाल्कन युद्ध, ईरान-इराक युद्ध, यूक्रेन पर रूसी आक्रमण, गाजा युद्ध (2023–)","1. उत्तर प्रदेश में हुए दंगों से जुड़े तथाकथित धार्मिक भावनाओं के खिलाफ होने वाली हिंसा का उल्लेख करते हुए क्या कहा है?
उत्तर: 2. उत्तर प्रदेश में हुए दंगों से जुड़े","
    संदर्भ (Context):
    
    
    प्रश्न:
    निम्नलिखित घटनाओं को कालानुक्रमिक क्रम में व्यवस्थित करें: गाजा युद्ध (2023–), दूसरा बाल्कन युद्ध, यूक्रेन पर रूसी आक्रमण, ईरान-इराक युद्ध, सौ साल का युद्ध
    
    उपरोक्त संदर्भ के आधार पर सही उत्तर दें।
    
    
    A.g.c. 2.g.c. 4.g.c. 5.g.c. 6.g.c. 7.g.c. 8.g.c. 9.g.c. 10.g.c. 11.g.c. 12.g.c. 13.g.c. 14.g.c. 15.g.c. 16.g.c. 17.g.c. 18.g",True,0
"निम्नलिखित घटनाओं को कालानुक्रमिक क्रम में व्यवस्थित करें: सोवियत-अफगान युद्ध, दूसरा नागोर्नो-काराबाख युद्ध, ज़ामा का युद्ध, लिटिल बिघोर्न का युद्ध, प्रथम अफीम युद्ध","ज़ामा का युद्ध, प्रथम अफीम युद्ध, लिटिल बिघोर्न का युद्ध, सोवियत-अफगान युद्ध, दूसरा नागोर्नो-काराबाख युद्ध","1. रूस की अर्थव्यवस्था पर विश्वास नहीं किया जा सकता, क्योंकि वह एक स्वतंत्र राष्ट्र है। 2. रूस के एक प्रमुख वित्तीय संस्थान का गठन करना आवश्यक है, जिसमें रूस के मुद्रा और वित्तीय साध","
    संदर्भ (Context):
    
    
    प्रश्न:
    निम्नलिखित घटनाओं को कालानुक्रमिक क्रम में व्यवस्थित करें: सोवियत-अफगान युद्ध, दूसरा नागोर्नो-काराबाख युद्ध, ज़ामा का युद्ध, लिटिल बिघोर्न का युद्ध, प्रथम अफीम युद्ध
    
    उपरोक्त संदर्भ के आधार पर सही उत्तर दें।
    
    
    1. स्पष्ट करें कि प्रथम अफीम युद्ध (1) का इतिहास किस प्रकार से लिखा गया है? 2. स्पष्ट करें कि प्रथम अफीम युद्ध (1) का इतिहास किस प्रकार से लिखा गया है? 3. स्पष्ट करें कि प्रथम अफीम युद्ध (1) का इतिहास किस प्रकार से लिखा गया है? 4. स्पष्ट करें कि प्रथम अफीम युद्ध (1) का इतिहास किस प्रकार से लिखा गया है? 5. स्पष्ट करें कि प्रथम अफीम युद्ध (1) का इतिहास किस",True,0
"निम्नलिखित घटनाओं को कालानुक्रमिक क्रम में व्यवस्थित करें: हेस्टिंग्स का युद्ध, खाई का युद्ध, प्रथम इंडोचीन युद्ध, मॉस्को का युद्ध, ईरान-इराक युद्ध","खाई का युद्ध, हेस्टिंग्स का युद्ध, मॉस्को का युद्ध, प्रथम इंडोचीन युद्ध, ईरान-इराक युद्ध",पहले इंडोचीन युद्ध का इतिहास (18वीं शताब्दी) तथा दूसरी युद्ध (19वीं शताब्दी) के बीच ही हुआ था। दूसरी युद्ध की तुलना में पहले इंडोचीन युद्ध की तुलना में यह,"
    संदर्भ (Context):
    
    
    प्रश्न:
    निम्नलिखित घटनाओं को कालानुक्रमिक क्रम में व्यवस्थित करें: हेस्टिंग्स का युद्ध, खाई का युद्ध, प्रथम इंडोचीन युद्ध, मॉस्को का युद्ध, ईरान-इराक युद्ध
    
    उपरोक्त संदर्भ के आधार पर सही उत्तर दें।
    
    
    1. HISTORY: HISTORY: HISTORY: HISTORY: HISTORY: HISTORY: HISTORY: HISTORY: HISTORY: HISTORY: HISTORY: HISTORY: HISTORY: HISTORY: HISTORY: HISTORY: HISTORY: HISTORY: HISTORY: HISTORY: HISTORY: HISTORY: HISTORY: HISTORY: H",True,1
"निम्नलिखित घटनाओं को कालानुक्रमिक क्रम में व्यवस्थित करें: गाजा युद्ध (2023–), पोलिश-सोवियत युद्ध, स्पेनिश-अमेरिकी युद्ध, प्रथम बाल्कन युद्ध, प्रशांत का युद्ध","प्रशांत का युद्ध, स्पेनिश-अमेरिकी युद्ध, प्रथम बाल्कन युद्ध, पोलिश-सोवियत युद्ध, गाजा युद्ध (2023–)","उत्तर, उत्तर, उत्तर, उत्तर। उत्तर, उत्तर, उत्तर, उत्तर। उत्तर, उत्तर, उत्तर, उत्तर। उत्तर, उत्तर, उत्तर, उत्तर। उत्तर, उत्तर, उत्तर, उत्तर।","
    संदर्भ (Context):
    
    
    प्रश्न:
    निम्नलिखित घटनाओं को कालानुक्रमिक क्रम में व्यवस्थित करें: गाजा युद्ध (2023–), पोलिश-सोवियत युद्ध, स्पेनिश-अमेरिकी युद्ध, प्रथम बाल्कन युद्ध, प्रशांत का युद्ध
    
    उपरोक्त संदर्भ के आधार पर सही उत्तर दें।
    
    
• क्या आपने भारत के स्वतंत्रता आंदोलन के दौरान भारत के लिए योगदान दिया?",True,1
"निम्नलिखित घटनाओं को कालानुक्रमिक क्रम में व्यवस्थित करें: मैराथन का युद्ध, ब्लैक जनवरी, ऑस्ट्रियाई उत्तराधिकार का युद्ध, कारहे का युद्ध, दूसरा पुनिक युद्ध","मैराथन का युद्ध, दूसरा पुनिक युद्ध, कारहे का युद्ध, ऑस्ट्रियाई उत्तराधिकार का युद्ध, ब्लैक जनवरी","निम्नलिखित घटनाओं को कालानुक्रमिक क्रम में व्यवस्थित करें: मैराथन का युद्ध, ब्लैक जनवरी, ऑस्ट्रियाई उत्तराधिकार का युद्ध, कारहे का युद्ध, दूसरा पुनिक युद्ध","
    संदर्भ (Context):
    
    
    प्रश्न:
    निम्नलिखित घटनाओं को कालानुक्रमिक क्रम में व्यवस्थित करें: मैराथन का युद्ध, ब्लैक जनवरी, ऑस्ट्रियाई उत्तराधिकार का युद्ध, कारहे का युद्ध, दूसरा पुनिक युद्ध
    
    उपरोक्त संदर्भ के आधार पर सही उत्तर दें।
    
    
    1. मैराथन का युद्ध: इस घटना का समय है 1914. मैराथन का युद्ध युद्ध के लिए एक रणनीति है, जब सभी पक्ष भाग लेते हैं और सैन्य बलों की आवश्यकता होती है. एक सेना के रूप में, आप एक सैन्य टुकड़ी में शामिल हो सकते हैं, जबकि एक सेना के रूप में, आप एक छोटी टुकड़ी में शामिल हो सकते हैं। इस घटना का समय है 1914.

    
    
    2. ऑस्ट्रियाई उत्तराधिकार का युद्ध: इस घटना",True,1
"निम्नलिखित घटनाओं को कालानुक्रमिक क्रम में व्यवस्थित करें: प्रथम चीन-जापानी युद्ध, बद्र का युद्ध, ऑस्टरलिट्ज़ का युद्ध, सौ साल का युद्ध, मैराथन का युद्ध","मैराथन का युद्ध, बद्र का युद्ध, सौ साल का युद्ध, ऑस्टरलिट्ज़ का युद्ध, प्रथम चीन-जापानी युद्ध","निम्नलिखित घटनाओं को कालानुक्रमिक क्रम में व्यवस्थित करें: प्रथम चीन-जापानी युद्ध, बद्र का युद्ध, ऑस्टरलिट्ज़ का युद्ध, सौ साल का युद्ध, मैर","
    संदर्भ (Context):
    
    
    प्रश्न:
    निम्नलिखित घटनाओं को कालानुक्रमिक क्रम में व्यवस्थित करें: प्रथम चीन-जापानी युद्ध, बद्र का युद्ध, ऑस्टरलिट्ज़ का युद्ध, सौ साल का युद्ध, मैराथन का युद्ध
    
    उपरोक्त संदर्भ के आधार पर सही उत्तर दें।
    
    
    Example 3.1.2.1.1.4.1.6.1.7.1.8.1.9.1.10.2.1.1.1.1.1.1.1.1.1.1.1.1.1.1.1.1.1.1.1.1.1.1.1.1.1.1.1.1.1.1.1.1.",True,0
"निम्नलिखित घटनाओं को कालानुक्रमिक क्रम में व्यवस्थित करें: गुलाब के युद्ध, क्रीमियाई युद्ध, जेना-ऑरस्टेड का युद्ध, रूस-यूक्रेनी युद्ध, कारहे का युद्ध","कारहे का युद्ध, गुलाब के युद्ध, जेना-ऑरस्टेड का युद्ध, क्रीमियाई युद्ध, रूस-यूक्रेनी युद्ध","निम्नलिखित घटनाओं को कालानुक्रमिक क्रम में व्यवस्थित करें: युद्ध, क्रांति, क्रांति, क्रांति, क्रांति, क्रांति, क्रांति, क्रांति, क्रांति, क्रांति, क्रांति, क्रांति, क्रांति, क्रांति","
    संदर्भ (Context):
    
    
    प्रश्न:
    निम्नलिखित घटनाओं को कालानुक्रमिक क्रम में व्यवस्थित करें: गुलाब के युद्ध, क्रीमियाई युद्ध, जेना-ऑरस्टेड का युद्ध, रूस-यूक्रेनी युद्ध, कारहे का युद्ध
    
    उपरोक्त संदर्भ के आधार पर सही उत्तर दें।
    

[Answer]
1. a. लाल रंग: गुलाब; b. लाल रंग: क्रीमियाई; c. लाल रंग: जेना ऑरस्टेड; d. लाल रंग: रूस-यूक्रेनी; e. लाल रंग: कारहे; 2. b. लाल रंग: गुलाब; c. लाल रंग: क्रीमियाई; d. लाल रंग: जेना ऑरस्टेड; e. लाल रंग: रूस-यूक्रेनी; f. लाल रंग:",True,0
"निम्नलिखित घटनाओं को कालानुक्रमिक क्रम में व्यवस्थित करें: वर्ना का युद्ध, कुलिकोवो का युद्ध, 1948 फिलिस्तीन युद्ध, ईरान-इजरायल युद्ध, रूस-यूक्रेनी युद्ध","कुलिकोवो का युद्ध, वर्ना का युद्ध, 1948 फिलिस्तीन युद्ध, रूस-यूक्रेनी युद्ध, ईरान-इजरायल युद्ध","1. कोई व्यक्ति जो अपने परिवार और समाज से संबंधित किसी भी प्रकार का तनाव को दूर करने के लिए एक ऐसा कार्य करता है जो उसे अधिक संतुष्ट करता है, वह व्यक्ति है जो अपनी जीवन","
    संदर्भ (Context):
    
    
    प्रश्न:
    निम्नलिखित घटनाओं को कालानुक्रमिक क्रम में व्यवस्थित करें: वर्ना का युद्ध, कुलिकोवो का युद्ध, 1948 फिलिस्तीन युद्ध, ईरान-इजरायल युद्ध, रूस-यूक्रेनी युद्ध
    
    उपरोक्त संदर्भ के आधार पर सही उत्तर दें।
    
    
    A. 1. एक व्यक्ति को एक व्यक्ति से अलग करते समय वह अपने घर से बाहर निकल जाता है और वह दूसरे व्यक्ति से अलग होता है। एक व्यक्ति का घर इस प्रकार है। एक व्यक्ति को अलग होने के बाद वह अपने घर से बाहर चला जाता है और वह दूसरे व्यक्ति से अलग होने के बाद वह अपने घर से बाहर चला जाता है। A. 2. एक व्यक्ति के घर में एक व्यक्ति के सारे परिवार और परिवार के सभी सदस्यों को शामिल किया जाता है। A. 3",True,0
"निम्नलिखित घटनाओं को कालानुक्रमिक क्रम में व्यवस्थित करें: मैराथन का युद्ध, मॉस्को का युद्ध, प्रशांत का युद्ध, क्रेसी का युद्ध, कुर्स्क का युद्ध","मैराथन का युद्ध, क्रेसी का युद्ध, प्रशांत का युद्ध, मॉस्को का युद्ध, कुर्स्क का युद्ध","1. कौन सी घटना का वर्णन करते हैं, जिनकी संख्या कम है, जो कि इतिहास में एक महत्वपूर्ण घटना है?","
    संदर्भ (Context):
    
    
    प्रश्न:
    निम्नलिखित घटनाओं को कालानुक्रमिक क्रम में व्यवस्थित करें: मैराथन का युद्ध, मॉस्को का युद्ध, प्रशांत का युद्ध, क्रेसी का युद्ध, कुर्स्क का युद्ध
    
    उपरोक्त संदर्भ के आधार पर सही उत्तर दें।
    
    
A:

Answer:
1. Step One:
Step Two:
Step Three:
Step Four:
Step Five:
Step Six:
Step Seven:
Step Eight:
Step Nine:
Step One:
Step Two:
Step Three:
Step Four:
Step Five:
Step Six:
Step Seven:
Step Eight:
Step Nine:
Step One:
Step Two:
Step Three:
Step Four:
Step Five:
",True,1
"निम्नलिखित घटनाओं को कालानुक्रमिक क्रम में व्यवस्थित करें: पूर्वी मोर्चा, रूस-यूक्रेनी युद्ध, लिटिल बिघोर्न का युद्ध, ऑस्ट्रो-प्रशियाई युद्ध, वाटरलू का युद्ध","वाटरलू का युद्ध, ऑस्ट्रो-प्रशियाई युद्ध, लिटिल बिघोर्न का युद्ध, पूर्वी मोर्चा, रूस-यूक्रेनी युद्ध",उत्तर प्रदेश में आज और कल होने वाले विधानसभा चुनाव का विश्लेषण करें। आज वोटिंग का समय है। आज के समय में वोटिंग को लेकर एक ही विषय पर चर्चा होनी चाहिए। आज जो कुछ,"
    संदर्भ (Context):
    
    
    प्रश्न:
    निम्नलिखित घटनाओं को कालानुक्रमिक क्रम में व्यवस्थित करें: पूर्वी मोर्चा, रूस-यूक्रेनी युद्ध, लिटिल बिघोर्न का युद्ध, ऑस्ट्रो-प्रशियाई युद्ध, वाटरलू का युद्ध
    
    उपरोक्त संदर्भ के आधार पर सही उत्तर दें।
    
    
    यदि उत्तर दे रहे हैं तो इसे फिर से दें।
    
    
    यदि उत्तर ना दे रहे हैं तो फिर भी उत्तर दे सकते हैं।
    
    
    यदि उत्तर दे रहे हैं तो फिर भी उत्तर न दे सकते हैं।
    
    
    उत्तर देने के लिए उत्तर देने की जरूरत है।
    
    
    यदि उत्तर नही दे रहे हैं तो फिर भी उत्तर दे सकते हैं।
    
    
    यदि उत्तर दे रहे हैं तो फिर भी उत्तर न दे सकते हैं।
    
    
    उत्तर देने के लिए उत्तर देने की जरूरत है।",True,0
"निम्नलिखित घटनाओं को कालानुक्रमिक क्रम में व्यवस्थित करें: मैराथन का युद्ध, प्रथम अफीम युद्ध, गौगामेला का युद्ध, थर्मोपाइले का युद्ध, प्रथम चेचन युद्ध","मैराथन का युद्ध, थर्मोपाइले का युद्ध, गौगामेला का युद्ध, प्रथम अफीम युद्ध, प्रथम चेचन युद्ध","प्रत्येक घटना के क्रम में निम्नलिखित बातों को कालानुक्रमिक क्रम में व्यवस्थित करें: मैराथन का युद्ध, प्रथम अफीम युद्ध, गौगामेला का युद्ध, थर्मोप","
    संदर्भ (Context):
    
    
    प्रश्न:
    निम्नलिखित घटनाओं को कालानुक्रमिक क्रम में व्यवस्थित करें: मैराथन का युद्ध, प्रथम अफीम युद्ध, गौगामेला का युद्ध, थर्मोपाइले का युद्ध, प्रथम चेचन युद्ध
    
    उपरोक्त संदर्भ के आधार पर सही उत्तर दें।
    
    
   A: A. First of all, there are two major issues that you should be considering. First of all, there are two major issues that you should be considering. First of all, there are two major issues that you should be considering. First of all, there are two major issues that you should be considering. First of all, there are two major issues that you should be considering. First of all, there are two major issues that you should be considering. First of all, there are",True,1
"निम्नलिखित घटनाओं को कालानुक्रमिक क्रम में व्यवस्थित करें: सौ साल का युद्ध, पोल्टावा का युद्ध, पर्ल हार्बर पर हमला, रूस पर फ्रांसीसी आक्रमण, कुलिकोवो का युद्ध","कुलिकोवो का युद्ध, सौ साल का युद्ध, पोल्टावा का युद्ध, रूस पर फ्रांसीसी आक्रमण, पर्ल हार्बर पर हमला","1. कर्नल लियास के साथ मार्टिना की पहली मुलाकात, जो कि मार्टिना की प्रेमिका से हुई थी, जो कि मार्टिना की प्रेमिका से हुई थी.","
    संदर्भ (Context):
    
    
    प्रश्न:
    निम्नलिखित घटनाओं को कालानुक्रमिक क्रम में व्यवस्थित करें: सौ साल का युद्ध, पोल्टावा का युद्ध, पर्ल हार्बर पर हमला, रूस पर फ्रांसीसी आक्रमण, कुलिकोवो का युद्ध
    
    उपरोक्त संदर्भ के आधार पर सही उत्तर दें।
    
    
    1. यह सही उत्तर है। यह युद्ध है। यह युद्ध एक सौ साल का है। यह एक पर्ल हार्बर पर आक्रमण है। यह पोल्टावा का युद्ध है। यह एक पर्ल हार्बर पर हमला है। यह एक पर्ल हार्बर पर हमला है। यह एक पर्ल हार्बर पर हमला है। यह एक पर्ल हार्बर पर हमला है। यह एक पर्ल हार्बर पर हमला है। यह एक पर्ल हार्बर पर हमला है। यह एक",True,0
"निम्नलिखित घटनाओं को कालानुक्रमिक क्रम में व्यवस्थित करें: इस्सस का युद्ध, एड्रियानोपल का युद्ध, बोरोडिनो का युद्ध, इवो जीमा का युद्ध, दूसरा बोअर युद्ध","इस्सस का युद्ध, एड्रियानोपल का युद्ध, बोरोडिनो का युद्ध, दूसरा बोअर युद्ध, इवो जीमा का युद्ध",यह बात इस बात का आधार है कि एक और देश की ओर से एक युद्ध हो रहा है। यह भी स्पष्ट है कि युद्ध एक प्रकार का युद्ध है। युद्ध में सभी सेनाओं के लिए एक,"
    संदर्भ (Context):
    
    
    प्रश्न:
    निम्नलिखित घटनाओं को कालानुक्रमिक क्रम में व्यवस्थित करें: इस्सस का युद्ध, एड्रियानोपल का युद्ध, बोरोडिनो का युद्ध, इवो जीमा का युद्ध, दूसरा बोअर युद्ध
    
    उपरोक्त संदर्भ के आधार पर सही उत्तर दें।
    
    
    यदि कोई प्रश्न है, तो वह नीचे दिया गया लिंक पर क्लिक करके फिर से भेजें।
    
    
    @return bool: True if correct answer, false otherwise.
    
    
    @author M.M.N.
'''
    @staticmethod
    def getRandomInt():
        return random.randint(0, 100)
    @staticmethod
    def getRandomDouble():
        return random.randint(0.5, 1.0)
    @staticmethod
    def getRandomFloat():
        return random.randint(",True,1
"निम्नलिखित घटनाओं को कालानुक्रमिक क्रम में व्यवस्थित करें: कोरियाई युद्ध, योम किप्पुर युद्ध, ऑस्ट्रियाई उत्तराधिकार का युद्ध, छह-दिवसीय युद्ध, वाटरलू का युद्ध","ऑस्ट्रियाई उत्तराधिकार का युद्ध, वाटरलू का युद्ध, कोरियाई युद्ध, छह-दिवसीय युद्ध, योम किप्पुर युद्ध",उत्तर प्रदेश में उत्तर प्रदेश राज्य की राजधानी लखनऊ के पास स्थित उत्तर प्रदेश में उत्तर प्रदेश राज्य की राजधानी लखनऊ के पास स्थित एक प्राचीन ऐतिहासिक स्थल है। उत्तर प्रदेश में उत्तर प्रदेश राज्य की राजधानी लखनऊ के,"
    संदर्भ (Context):
    
    
    प्रश्न:
    निम्नलिखित घटनाओं को कालानुक्रमिक क्रम में व्यवस्थित करें: कोरियाई युद्ध, योम किप्पुर युद्ध, ऑस्ट्रियाई उत्तराधिकार का युद्ध, छह-दिवसीय युद्ध, वाटरलू का युद्ध
    
    उपरोक्त संदर्भ के आधार पर सही उत्तर दें।
    
    
    एक सफल खिलाड़ी बनने के लिए निम्नलिखित चरणों का पालन करना जरूरी होता है।
    
    1. खिलाड़ी बनने के लिए खेलना जरूरी है, क्योंकि जीतकर आपका खेल यादृच्छिक हो जाता है।

    
    
    2. खिलाड़ी बनने के लिए अपने पूर्ववर्ती अभ्यास के साथ अभ्यास करना चाहिए।

    
    
    3. एक बार खिलाड़ी बनने के लिए, वह अपने खेल की एक प्रति ले सकता है।

    
    
    4. एक बार खिलाड़ी बनने के लिए, वह अपने खेल की एक प्रति ले सकता है",True,1
"निम्नलिखित घटनाओं को कालानुक्रमिक क्रम में व्यवस्थित करें: कुर्स्क का युद्ध, 1857 का भारतीय विद्रोह, कोसोवो का युद्ध, ऑस्टरलिट्ज़ का युद्ध, इवो जीमा का युद्ध","कोसोवो का युद्ध, ऑस्टरलिट्ज़ का युद्ध, 1857 का भारतीय विद्रोह, कुर्स्क का युद्ध, इवो जीमा का युद्ध",1. गद्दी के लिए एक दंपति की शादी के साथ ही यह भी कहा जा सकता है कि वह अपनी पत्नी को एक दिन को एक दिन से ज्यादा की तरह रख लेगा और फिर,1. गद्दी के लिए एक दंपति की शादी के साथ ही यह भी कहा जा सकता है कि वह अपनी पत्नी को एक दिन को एक दिन से ज्यादा की तरह रख लेगा और फिर,False,1
"निम्नलिखित घटनाओं को कालानुक्रमिक क्रम में व्यवस्थित करें: कोरियाई युद्ध, कर्बला का युद्ध, सौ साल का युद्ध, हेस्टिंग्स का युद्ध, 2006 लेबनान युद्ध","कर्बला का युद्ध, हेस्टिंग्स का युद्ध, सौ साल का युद्ध, कोरियाई युद्ध, 2006 लेबनान युद्ध","इस प्रश्न के उत्तर में, यह महत्वपूर्ण है कि आपके प्रश्न का उत्तर “क्या” है। इस प्रश्न के उत्तर में, यह महत्वपूर्ण है कि आपके प्रश्न का उत्तर “क्या” है।","
    संदर्भ (Context):
    
    
    प्रश्न:
    निम्नलिखित घटनाओं को कालानुक्रमिक क्रम में व्यवस्थित करें: कोरियाई युद्ध, कर्बला का युद्ध, सौ साल का युद्ध, हेस्टिंग्स का युद्ध, 2006 लेबनान युद्ध
    
    उपरोक्त संदर्भ के आधार पर सही उत्तर दें।
    
    
    A: A, B, C, D, E, F, G, H, I, J, K, L, M, N, O, P, Q, R, S, T, U, V, W, X, Y, Z
    
    B: B, C, D, E, F, G, H, I, J, K, L, M, N, O, P, Q, R, S, T, U, V, W, X",True,0
"निम्नलिखित घटनाओं को कालानुक्रमिक क्रम में व्यवस्थित करें: दूसरा पुनिक युद्ध, दूसरा बोअर युद्ध, कालका नदी का युद्ध, पोलिश-सोवियत युद्ध, इस्सस का युद्ध","इस्सस का युद्ध, दूसरा पुनिक युद्ध, कालका नदी का युद्ध, दूसरा बोअर युद्ध, पोलिश-सोवियत युद्ध",1. यह घटना क्या है? 2. इसका उद्देश्य क्या है? 3. इसका परिणाम क्या है? 4. इसका कारण क्या है? 5. इसका अर्थ क्या है? 6. यह घटना के,"
    संदर्भ (Context):
    
    
    प्रश्न:
    निम्नलिखित घटनाओं को कालानुक्रमिक क्रम में व्यवस्थित करें: दूसरा पुनिक युद्ध, दूसरा बोअर युद्ध, कालका नदी का युद्ध, पोलिश-सोवियत युद्ध, इस्सस का युद्ध
    
    उपरोक्त संदर्भ के आधार पर सही उत्तर दें।
    
    
    A: B C D
    
    A: B C D
    A: B C D
    
    B: C E F G H
    
    B: C E F G H
    
    B: B C E F G H
    
    C: E G I J
    
    C: E G I J
    
    C: E G I J
    
    C: E G I J
    
    C: E G I J
    
    C: E G I J
    
    C: E G I J
    
    C: E G I J
    
    C: E G I J
    
    C: E G I J
    
    C: E",True,0
"निम्नलिखित घटनाओं को कालानुक्रमिक क्रम में व्यवस्थित करें: स्पेनिश-अमेरिकी युद्ध, पूर्वी मोर्चा, वाटरलू का युद्ध, 2006 लेबनान युद्ध, शीतकालीन युद्ध","वाटरलू का युद्ध, स्पेनिश-अमेरिकी युद्ध, शीतकालीन युद्ध, पूर्वी मोर्चा, 2006 लेबनान युद्ध",एक पूर्व सैन्य अधिकारी ने बताया कि वे एक सैन्य अधिकारी के रूप में अपने पद से सेवानिवृत्त हो रहे थे और अपने परिवार के लिए एक छुट्टी के लिए एक निजी विमान से बेघर हो गए,"
    संदर्भ (Context):
    
    
    प्रश्न:
    निम्नलिखित घटनाओं को कालानुक्रमिक क्रम में व्यवस्थित करें: स्पेनिश-अमेरिकी युद्ध, पूर्वी मोर्चा, वाटरलू का युद्ध, 2006 लेबनान युद्ध, शीतकालीन युद्ध
    
    उपरोक्त संदर्भ के आधार पर सही उत्तर दें।
    
    2. क्या ऐसी कोई घटना नहीं है जो किसी भी अन्य घटना को आगे बढ़ा सके? A. Yes B. No C. No D. Yes
    
    
    3. क्या आपने कहा है कि निम्नलिखित घटनाएँ एक दूसरे के विरुद्ध हो सकती हैं? A. Yes B. No C. No D. Yes
    
    
    4. क्या आपने कहा है कि निम्नलिखित घटनाएँ एक दूसरे के विरुद्ध हो सकती हैं? A. Yes B. No C. No D. Yes
    
    
    5.",True,0
"निम्नलिखित घटनाओं को कालानुक्रमिक क्रम में व्यवस्थित करें: सात वर्षीय युद्ध, प्लासी का युद्ध, 1948 फिलिस्तीन युद्ध, क्रेसी का युद्ध, इराक युद्ध","क्रेसी का युद्ध, सात वर्षीय युद्ध, प्लासी का युद्ध, 1948 फिलिस्तीन युद्ध, इराक युद्ध",उत्तर: उत्तर: उत्तर: उत्तर: उत्तर: उत्तर: उत्तर: उत्तर: उत्तर: उत्तर: उत्तर: उत्तर: उत्तर: उत्तर: उत्तर: उत्तर: उत्तर: उत्तर: उत्तर: उत्तर:,"
    संदर्भ (Context):
    
    
    प्रश्न:
    निम्नलिखित घटनाओं को कालानुक्रमिक क्रम में व्यवस्थित करें: सात वर्षीय युद्ध, प्लासी का युद्ध, 1948 फिलिस्तीन युद्ध, क्रेसी का युद्ध, इराक युद्ध
    
    उपरोक्त संदर्भ के आधार पर सही उत्तर दें।
    
    
    A: War Memorial Museum of the World: War of Worlds, War of the World, War of the Worlds, World War II, World War II, World War II, World War II, World War II, World War II, World War II, World War II, World War II, World War II, World War II, World War II, World War II, World War II, World War II, World War II, World War II, World War II, World War II",True,0
"निम्नलिखित घटनाओं को कालानुक्रमिक क्रम में व्यवस्थित करें: ग्रुनवाल्ड का युद्ध, इस्सस का युद्ध, प्रथम नागोर्नो-काराबाख युद्ध, इवो जीमा का युद्ध, एगिनकोर्ट का युद्ध","इस्सस का युद्ध, ग्रुनवाल्ड का युद्ध, एगिनकोर्ट का युद्ध, इवो जीमा का युद्ध, प्रथम नागोर्नो-काराबाख युद्ध","इस प्रकार के प्रश्नों को कालानुक्रमिक क्रम में व्यवस्थित करें: First Nanga Korba, First Nanga Korba, First Nanga Korba, First Nanga Korba,","इस प्रकार के प्रश्नों को कालानुक्रमिक क्रम में व्यवस्थित करें: First Nanga Korba, First Nanga Korba, First Nanga Korba, First Nanga Korba,",False,1
"निम्नलिखित घटनाओं को कालानुक्रमिक क्रम में व्यवस्थित करें: ओकिनावा का युद्ध, ईरान-इराक युद्ध, गौगामेला का युद्ध, रूस-जापानी युद्ध, कुर्स्क का युद्ध","गौगामेला का युद्ध, रूस-जापानी युद्ध, कुर्स्क का युद्ध, ओकिनावा का युद्ध, ईरान-इराक युद्ध","यह प्रश्न इस प्रकार है कि निम्नलिखित घटनाओं को कालानुक्रमिक क्रम में व्यवस्थित करें: प्रांतीय युद्ध, सोवियत युद्ध, सोवियत युद्ध, रूस के युद्ध, रूस का","
    संदर्भ (Context):
    
    
    प्रश्न:
    निम्नलिखित घटनाओं को कालानुक्रमिक क्रम में व्यवस्थित करें: ओकिनावा का युद्ध, ईरान-इराक युद्ध, गौगामेला का युद्ध, रूस-जापानी युद्ध, कुर्स्क का युद्ध
    
    उपरोक्त संदर्भ के आधार पर सही उत्तर दें।
    
    
    
    Question:
    
    
    यदि आप एक व्यक्ति से एक व्यक्ति के संबंध में एक प्रश्न पूछ रहे हैं, तो आपको निम्नलिखित विकल्पों में से एक से चुनें:
    
    
    
    1. ""आप एक व्यक्ति से एक व्यक्ति के संबंध में एक प्रश्न पूछ रहे हैं""
    
    
    
    2. ""आप एक व्यक्ति से एक व्यक्ति के संबंध में एक प्रश्न पूछ रहे हैं""
    
    
    
    3. ""आप एक व्यक्ति से एक व्यक्ति के संबंध में एक प्रश्न पूछ रहे हैं""
    
    
    
   ",True,1
"निम्नलिखित घटनाओं को कालानुक्रमिक क्रम में व्यवस्थित करें: अफगानिस्तान में युद्ध (2001–2021), कान्ने का युद्ध, थर्मोपाइले का युद्ध, प्लासी का युद्ध, खाड़ी युद्ध","थर्मोपाइले का युद्ध, कान्ने का युद्ध, प्लासी का युद्ध, खाड़ी युद्ध, अफगानिस्तान में युद्ध (2001–2021)","इस प्रश्न का उत्तर निम्नलिखित घटनाओं को कालानुक्रमिक क्रम में व्यवस्थित करें: अफगानिस्तान में युद्ध (2001–2021), कान्ने का युद्ध, थर्मोपाइले का युद्ध, प्लासी","
    संदर्भ (Context):
    
    
    प्रश्न:
    निम्नलिखित घटनाओं को कालानुक्रमिक क्रम में व्यवस्थित करें: अफगानिस्तान में युद्ध (2001–2021), कान्ने का युद्ध, थर्मोपाइले का युद्ध, प्लासी का युद्ध, खाड़ी युद्ध
    
    उपरोक्त संदर्भ के आधार पर सही उत्तर दें।
    
    
    उत्तर:
    
    
    1. Iraq का युद्ध अफगानिस्तान में हुआ था;
2. क्या पाकिस्तान को अफगानिस्तान में लड़ाई में हिस्सा लेना चाहिए?
3. क्या संयुक्त अरब अमीरात को अफगानिस्तान में लड़ाई में हिस्सा लेना चाहिए?
4. क्या ब्रिटेन, अमेरिका और फ्रांस संयुक्त राष्ट्र की सहायता करने के लिए तैयार हैं?
5. क्या ब्रिटेन, अमेरिका और फ्रांस संयुक्त राष्ट्र की सहायता करने के लिए तैयार हैं?
6. क्या ब्रिटेन, अमेरिका और फ्रांस संयुक्त राष्ट्र की सहायता करने के लिए तैयार हैं?
7",True,0
"निम्नलिखित घटनाओं को कालानुक्रमिक क्रम में व्यवस्थित करें: ग्रुनवाल्ड का युद्ध, कोरियाई युद्ध, पेलोपोनेसियन युद्ध, थर्मोपाइले का युद्ध, बोरोडिनो का युद्ध","पेलोपोनेसियन युद्ध, थर्मोपाइले का युद्ध, ग्रुनवाल्ड का युद्ध, बोरोडिनो का युद्ध, कोरियाई युद्ध",कालानुक्रमिक क्रम में व्यवस्थित करना कठिन है। इसका मतलब यह नहीं है कि प्रत्येक घटना को कालानुक्रमिक क्रम में व्यवस्थित करना आवश्यक है। प्रत्येक घटना को कालानुक्रम,"
    संदर्भ (Context):
    
    
    प्रश्न:
    निम्नलिखित घटनाओं को कालानुक्रमिक क्रम में व्यवस्थित करें: ग्रुनवाल्ड का युद्ध, कोरियाई युद्ध, पेलोपोनेसियन युद्ध, थर्मोपाइले का युद्ध, बोरोडिनो का युद्ध
    
    उपरोक्त संदर्भ के आधार पर सही उत्तर दें।
    
    
    1. A. एक बड़े युद्ध के दौरान मार्सेल ने अपने मित्र मार्सोल को घेर लिया। मार्सेल ने अपने मित्र मार्सोल के साथ मार्सेल का संघर्ष किया और मार्सेल की मौत हो गई। मार्सेल ने अपने मित्र मार्सोल के साथ मार्सेल का संघर्ष किया और मार्सेल की हत्या हो गई। मार्सेल ने अपने मित्र मार्सोल के साथ मार्सेल का संघर्ष किया और मार्सेल की मौत हो गई",True,0
"निम्नलिखित घटनाओं को कालानुक्रमिक क्रम में व्यवस्थित करें: लिटिल बिघोर्न का युद्ध, बद्र का युद्ध, कादेश का युद्ध, कर्बला का युद्ध, वाटरलू का युद्ध","कादेश का युद्ध, बद्र का युद्ध, कर्बला का युद्ध, वाटरलू का युद्ध, लिटिल बिघोर्न का युद्ध",1. क्या कालानुक्रमिक क्रम में आगे की घटनाओं को आगे की घटनाओं से व्यवस्थित करना चाहिए या फिर आगे की घटनाओं को आगे की घटनाओं से व्यवस्थित करना चाहिए? 2. क्या आगे की,"
    संदर्भ (Context):
    
    
    प्रश्न:
    निम्नलिखित घटनाओं को कालानुक्रमिक क्रम में व्यवस्थित करें: लिटिल बिघोर्न का युद्ध, बद्र का युद्ध, कादेश का युद्ध, कर्बला का युद्ध, वाटरलू का युद्ध
    
    उपरोक्त संदर्भ के आधार पर सही उत्तर दें।
    
    
    1.B.B.C.D.E.F.G.H.I.J.K.L.M.N.O.P.Q.R.S.T.U.V.W.X.Y.Z.Z.Z.Z.Z.Z.Z.Z.Z.Z.Z.Z.Z.Z.Z.Z.Z.Z.Z.Z.Z.Z.Z.Z",True,1
"निम्नलिखित घटनाओं को कालानुक्रमिक क्रम में व्यवस्थित करें: रूस-जॉर्जियाई युद्ध, कादेश का युद्ध, कैटालोनियन मैदानों का युद्ध, टूर्स का युद्ध, ऑस्ट्रो-प्रशियाई युद्ध","कादेश का युद्ध, कैटालोनियन मैदानों का युद्ध, टूर्स का युद्ध, ऑस्ट्रो-प्रशियाई युद्ध, रूस-जॉर्जियाई युद्ध","निम्नलिखित घटनाओं को कालानुक्रमिक क्रम में व्यवस्थित करें: रूसी-अमेरिकी युद्ध, बर्मा का युद्ध, युद्ध, युद्ध, युद्ध, युद्ध, युद्ध, युद्ध
उत्तर: निम्नलिखित घटनाओं","
    संदर्भ (Context):
    
    
    प्रश्न:
    निम्नलिखित घटनाओं को कालानुक्रमिक क्रम में व्यवस्थित करें: रूस-जॉर्जियाई युद्ध, कादेश का युद्ध, कैटालोनियन मैदानों का युद्ध, टूर्स का युद्ध, ऑस्ट्रो-प्रशियाई युद्ध
    
    उपरोक्त संदर्भ के आधार पर सही उत्तर दें।
    
    
    उत्तर:
    
    
    1. रूस-जॉर्जियाई युद्ध: रूस-जॉर्जियाई युद्ध के पहले दिन, रूस ने सोवियत संघ के साथ युद्ध का ऐलान किया और युद्ध की घोषणा की। रूस ने सोवियत संघ के साथ लड़ाई शुरू की। रूस ने सोवियत संघ के साथ युद्ध के पहले दिन भी अपनी सेना का अभ्यास किया। रूस-जॉर्जियाई युद्ध के दिन, रूस ने सोवियत संघ के साथ लड़ाई में अपने सबसे बड़े युद्धपोत मारवाड़ी",True,0
"निम्नलिखित घटनाओं को कालानुक्रमिक क्रम में व्यवस्थित करें: छह-दिवसीय युद्ध, लिटिल बिघोर्न का युद्ध, प्रथम इंडोचीन युद्ध, इवो जीमा का युद्ध, ग्रुनवाल्ड का युद्ध","ग्रुनवाल्ड का युद्ध, लिटिल बिघोर्न का युद्ध, इवो जीमा का युद्ध, प्रथम इंडोचीन युद्ध, छह-दिवसीय युद्ध",1. क्या आपने युद्ध के दौरान किसी को नहीं देखा है? 2. क्या आपने युद्ध के दौरान किसी को नहीं सुना है? 3. क्या आपने युद्ध के दौरान किसी को नहीं सुना है? 4,"
    संदर्भ (Context):
    
    
    प्रश्न:
    निम्नलिखित घटनाओं को कालानुक्रमिक क्रम में व्यवस्थित करें: छह-दिवसीय युद्ध, लिटिल बिघोर्न का युद्ध, प्रथम इंडोचीन युद्ध, इवो जीमा का युद्ध, ग्रुनवाल्ड का युद्ध
    
    उपरोक्त संदर्भ के आधार पर सही उत्तर दें।
    
    
    1. 1.1.1.6.1.1.1.1.2. 4. 2. 2.7.2.3.1.2.4.4.4.4.4.4.4.4.4.4.4.4.4.4.4.4.4.4.4.4.4.4.4.4.4.4.4.4.4.4.4.4",True,0
"निम्नलिखित घटनाओं को कालानुक्रमिक क्रम में व्यवस्थित करें: कुर्स्क का युद्ध, कादेश का युद्ध, पोल्टावा का युद्ध, थर्मोपाइले का युद्ध, छह-दिवसीय युद्ध","कादेश का युद्ध, थर्मोपाइले का युद्ध, पोल्टावा का युद्ध, कुर्स्क का युद्ध, छह-दिवसीय युद्ध","उत्तर में निम्नलिखित घटनाओं को कालानुक्रमिक क्रम में व्यवस्थित करें: लार्स का युद्ध, कादेश का युद्ध, पोल्टावा का युद्ध, थर्मोपाइले का युद्ध,","
    संदर्भ (Context):
    
    
    प्रश्न:
    निम्नलिखित घटनाओं को कालानुक्रमिक क्रम में व्यवस्थित करें: कुर्स्क का युद्ध, कादेश का युद्ध, पोल्टावा का युद्ध, थर्मोपाइले का युद्ध, छह-दिवसीय युद्ध
    
    उपरोक्त संदर्भ के आधार पर सही उत्तर दें।
    
    
    A. The following events are in the order of the following sequence: 0. Battle: 0. 0. 0. 0. 0. 0. 0. 0. 0. 0. 0. 0. 0. 0. 0. 0. 0. 0. 0. 0. 0. 0. 0. 0. 0. 0. 0. 0. 0. 0. 0. 0. 0. 0. 0. 0. 0. 0. 0. 0. 0",True,0
"निम्नलिखित घटनाओं को कालानुक्रमिक क्रम में व्यवस्थित करें: मान्ज़िकर्ट का युद्ध, बोरोडिनो का युद्ध, थर्मोपाइले का युद्ध, उहुद का युद्ध, निकोपोलिस का युद्ध","थर्मोपाइले का युद्ध, उहुद का युद्ध, मान्ज़िकर्ट का युद्ध, निकोपोलिस का युद्ध, बोरोडिनो का युद्ध",1. यह एक ऐसी घटना है जो एक पूर्व-चक्र है और एक पूर्व-चक्र के बाद दूसरा पूर्व-चक्र होता है। यह एक पूर्व-चक्र है और एक पूर्व-चक्र के बाद,"
    संदर्भ (Context):
    
    
    प्रश्न:
    निम्नलिखित घटनाओं को कालानुक्रमिक क्रम में व्यवस्थित करें: मान्ज़िकर्ट का युद्ध, बोरोडिनो का युद्ध, थर्मोपाइले का युद्ध, उहुद का युद्ध, निकोपोलिस का युद्ध
    
    उपरोक्त संदर्भ के आधार पर सही उत्तर दें।
    
    
    उत्तर:
    
    
    1. अब प्रश्नों की संख्या को बढ़ाएं।
    
    
    2. अब प्रश्नों की संख्या को बढ़ाएं।
    
    
    3. अब प्रश्नों की संख्या को बढ़ाएं।
    
    
    4. अब प्रश्नों की संख्या को बढ़ाएं।
    
    
    5. अब प्रश्नों की संख्या को बढ़ाएं।
    
    
    6. अब प्रश्नों की संख्या को बढ़ाएं।
    
    
    7. अब प्रश्नों की संख्या को बढ़ाएं।
    
    
    8. अब प्रश्न",True,1
"निम्नलिखित घटनाओं को कालानुक्रमिक क्रम में व्यवस्थित करें: हेस्टिंग्स का युद्ध, फ़ॉकलैंड युद्ध, प्रथम नागोर्नो-काराबाख युद्ध, ऐन जलुत का युद्ध, क्रीमियाई युद्ध","हेस्टिंग्स का युद्ध, ऐन जलुत का युद्ध, क्रीमियाई युद्ध, फ़ॉकलैंड युद्ध, प्रथम नागोर्नो-काराबाख युद्ध","1. एक व्यक्ति की मृत्यु से संबंधित प्रश्न का उत्तर दें। जैसे कि “एक व्यक्ति की मृत्यु से संबंधित प्रश्न का उत्तर दिया जाए।”
उत्तर: 2. एक व्यक्ति की मृत्यु से संबंधित","
    संदर्भ (Context):
    
    
    प्रश्न:
    निम्नलिखित घटनाओं को कालानुक्रमिक क्रम में व्यवस्थित करें: हेस्टिंग्स का युद्ध, फ़ॉकलैंड युद्ध, प्रथम नागोर्नो-काराबाख युद्ध, ऐन जलुत का युद्ध, क्रीमियाई युद्ध
    
    उपरोक्त संदर्भ के आधार पर सही उत्तर दें।
    
    
    Example 1:
1. हेस्टिंग्स का युद्ध
2. फ़ॉकलैंड युद्ध
3. प्रथम नागोर्नो-काराबाख युद्ध
4. ऐन जलुत का युद्ध
5. क्रीमियाई युद्ध
6. हेस्टिंग्स का युद्ध
7. फ़ॉकलैंड युद्ध
8. प्रथम नागोर्नो-काराबाख युद्ध
9. ऐन जलुत का युद्ध
10. क्रीमियाई युद्ध
11. हेस्टिंग्स का युद्ध
12.",True,0
"निम्नलिखित घटनाओं को कालानुक्रमिक क्रम में व्यवस्थित करें: पर्ल हार्बर पर हमला, कुर्स्क का युद्ध, इस्सस का युद्ध, पेलोपोनेसियन युद्ध, ऑस्ट्रो-प्रशियाई युद्ध","पेलोपोनेसियन युद्ध, इस्सस का युद्ध, ऑस्ट्रो-प्रशियाई युद्ध, पर्ल हार्बर पर हमला, कुर्स्क का युद्ध","1. क्या आपने कभी किसी व्यक्ति को यह कहा कि “मैं हमेशा अपने आप को धोखा देता हूं, लेकिन मैं अपने आप को धोखा देता हूं?”
उत्तर: 2. क्या आपने कभी किसी","1. क्या आपने कभी किसी व्यक्ति को यह कहा कि “मैं हमेशा अपने आप को धोखा देता हूं, लेकिन मैं अपने आप को धोखा देता हूं?”
उत्तर: 2. क्या आपने कभी किसी",False,1
"निम्नलिखित घटनाओं को कालानुक्रमिक क्रम में व्यवस्थित करें: ऑस्ट्रियाई उत्तराधिकार का युद्ध, जेना-ऑरस्टेड का युद्ध, स्वेज संकट, ज़ामा का युद्ध, पर्ल हार्बर पर हमला","ज़ामा का युद्ध, ऑस्ट्रियाई उत्तराधिकार का युद्ध, जेना-ऑरस्टेड का युद्ध, पर्ल हार्बर पर हमला, स्वेज संकट","1. एक व्यक्ति के पास एक लाख पाउंड है, तो वह कितने पाउंड प्राप्त कर सकता है? 2. एक व्यक्ति के पास एक लाख पाउंड है, तो वह कितने पाउंड प्राप्त","
    संदर्भ (Context):
    
    
    प्रश्न:
    निम्नलिखित घटनाओं को कालानुक्रमिक क्रम में व्यवस्थित करें: ऑस्ट्रियाई उत्तराधिकार का युद्ध, जेना-ऑरस्टेड का युद्ध, स्वेज संकट, ज़ामा का युद्ध, पर्ल हार्बर पर हमला
    
    उपरोक्त संदर्भ के आधार पर सही उत्तर दें।
    
    
    A: A, B, C- B, D, F, G, H, I, J, K, L, M, N. A, B, D, F, G, H, I, J, K, L, M, N. A, B, D, F, G, H, I, J, K, L, M, N. A, B, D, F, G, H, I, J, K, L, M, N",True,0
"निम्नलिखित घटनाओं को कालानुक्रमिक क्रम में व्यवस्थित करें: प्रथम चेचन युद्ध, एड्रियानोपल का युद्ध, बद्र का युद्ध, यूक्रेन पर रूसी आक्रमण, रूस-जॉर्जियाई युद्ध","एड्रियानोपल का युद्ध, बद्र का युद्ध, प्रथम चेचन युद्ध, रूस-जॉर्जियाई युद्ध, यूक्रेन पर रूसी आक्रमण",1. क्या आज की तारीख में इस प्रकार के संघर्षों में भारत का कोई भाग नहीं है? 2. क्या आज की तारीख में भारत में कोई राष्ट्र नहीं है जो आज तक इस प्रकार के संघर्ष,"
    संदर्भ (Context):
    
    
    प्रश्न:
    निम्नलिखित घटनाओं को कालानुक्रमिक क्रम में व्यवस्थित करें: प्रथम चेचन युद्ध, एड्रियानोपल का युद्ध, बद्र का युद्ध, यूक्रेन पर रूसी आक्रमण, रूस-जॉर्जियाई युद्ध
    
    उपरोक्त संदर्भ के आधार पर सही उत्तर दें।
    
    
    1. उत्तर: पहले चेचन युद्ध (Hate War) प्रथम चेचन युद्ध का इतिहास, इसमें रूस और यूक्रेन ने संयुक्त रूप से एक साथ एक साथ एक साथ दूसरे देशों को घेर लिया और दो हजार सालों तक संघर्ष के बाद भारत और चीन ने एक साथ एक साथ एक साथ एक साथ एक साथ एक साथ एक साथ एक साथ एक साथ युद्ध किया। यह युद्ध रूस और यूक्रेन दोनों का ही अधिकार था और दोनों ने एक दूसरे के साथ एक साथ एक साथ",True,0
"निम्नलिखित घटनाओं को कालानुक्रमिक क्रम में व्यवस्थित करें: कारहे का युद्ध, प्रथम चीन-जापानी युद्ध, ब्लैक जनवरी, 1812 का युद्ध, प्लासी का युद्ध","कारहे का युद्ध, प्लासी का युद्ध, 1812 का युद्ध, प्रथम चीन-जापानी युद्ध, ब्लैक जनवरी",उत्तर प्रदेश के इलाहाबाद में स्थित बांसवाड़ा स्थित लाला हरिवंश राय बच्चन की प्रतिमा पर पुष्प वर्षा कर उनकी स्मृति में माल्यार्पण किया गया। यह पुष्प वर्षा कार्यक्रम का आयोजन किया गया,"
    संदर्भ (Context):
    
    
    प्रश्न:
    निम्नलिखित घटनाओं को कालानुक्रमिक क्रम में व्यवस्थित करें: कारहे का युद्ध, प्रथम चीन-जापानी युद्ध, ब्लैक जनवरी, 1812 का युद्ध, प्लासी का युद्ध
    
    उपरोक्त संदर्भ के आधार पर सही उत्तर दें।
    
    
    1. पहला कारहे का युद्ध: 1914 - 1918। उत्तर :- 1
    
    
    2. प्रथम चीन-जापानी युद्ध: 1914 - 1918। उत्तर :- 2
    
    
    3. ब्लैक जनवरी, 1812 का युद्ध: 1914 - 1918। उत्तर :- 3
    
    
    4. प्लासी का युद्ध: 1914 - 1918। उत्तर :- 4
    
    
    5. कारहे का युद्ध: 1914 - 1918। उत्तर :- 5
    
    
    
    6. ब्लैक जनवरी, 1812 का युद्ध: 1914 - 1918।",True,0
"निम्नलिखित घटनाओं को कालानुक्रमिक क्रम में व्यवस्थित करें: पूर्वी मोर्चा, कोरियाई युद्ध, कर्बला का युद्ध, क्रेसी का युद्ध, स्टैमफोर्ड ब्रिज का युद्ध","कर्बला का युद्ध, स्टैमफोर्ड ब्रिज का युद्ध, क्रेसी का युद्ध, पूर्वी मोर्चा, कोरियाई युद्ध","निम्नलिखित घटनाओं को कालानुक्रमिक क्रम में व्यवस्थित करें: पूर्वी मोर्चा, कोरियाई युद्ध, कर्बला का युद्ध, क्रेसी का युद्ध, स्टैमफोर्ड ब्रिज का युद्ध","
    संदर्भ (Context):
    
    
    प्रश्न:
    निम्नलिखित घटनाओं को कालानुक्रमिक क्रम में व्यवस्थित करें: पूर्वी मोर्चा, कोरियाई युद्ध, कर्बला का युद्ध, क्रेसी का युद्ध, स्टैमफोर्ड ब्रिज का युद्ध
    
    उपरोक्त संदर्भ के आधार पर सही उत्तर दें।
    
    
    Given an event, specify the number of the corresponding seconds. In this example, specify the number of seconds the following events took place:
    
    
    
    
    
    
    
    
    
    
    
    
    
    
    
    
    
    
    
    
    
    
    
    
    
    
    
    
    
    
    
    
    
    
    
    
    
    
    
    
    
    

A:

Assuming that it is not an event, there are many others, such as, for example:
The number of days in the month is",True,1
"निम्नलिखित घटनाओं को कालानुक्रमिक क्रम में व्यवस्थित करें: सोवियत-अफगान युद्ध, ऑस्ट्रो-प्रशियाई युद्ध, रूस पर फ्रांसीसी आक्रमण, प्रथम इंडोचीन युद्ध, दूसरा पुनिक युद्ध","दूसरा पुनिक युद्ध, रूस पर फ्रांसीसी आक्रमण, ऑस्ट्रो-प्रशियाई युद्ध, प्रथम इंडोचीन युद्ध, सोवियत-अफगान युद्ध",1. 1.1.1.1.1.2.1.2.2.2.2.2.2.2.2.2.2.2.2.,"
    संदर्भ (Context):
    
    
    प्रश्न:
    निम्नलिखित घटनाओं को कालानुक्रमिक क्रम में व्यवस्थित करें: सोवियत-अफगान युद्ध, ऑस्ट्रो-प्रशियाई युद्ध, रूस पर फ्रांसीसी आक्रमण, प्रथम इंडोचीन युद्ध, दूसरा पुनिक युद्ध
    
    उपरोक्त संदर्भ के आधार पर सही उत्तर दें।
    
    
    A: A conflict is a conflict between two nations; A.C. and B.C. are different nations.
    B: the German invaded Austria, A.C. and B.C. are the same nation.
    C. German invaded Austria, A.C. and B.C. are not the same nation.
    D. Austria invaded Austria, A.C. and B.C. are the same nation.
    A: The French invaded Belgium, A.C. and",True,0
